
INSERT INTO `encounter_type` (`encounter_type_id`,`name`,`description`,`creator`,`date_created`,`uuid`,`retired`,`retired_by`,`date_retired`,`retire_reason`) VALUES (24,'Pediatric HIV','Encounter for the Pediatric HIV Flowsheet',1,'2011-06-07 12:46:46','5e8fecc0-0cae-43a2-896d-9f8477e16392',0,NULL,NULL,NULL);
INSERT INTO `encounter_type` (`encounter_type_id`,`name`,`description`,`creator`,`date_created`,`uuid`,`retired`,`retired_by`,`date_retired`,`retire_reason`) VALUES (26,'Exposed Infant','Exposed Infant Encounter',1,'2011-02-03 10:56:08','f7776201-dfaa-4890-bf9d-080c1639f991',0,NULL,NULL,NULL)


INSERT INTO `program` (`program_id`,`concept_id`,`creator`,`date_created`,`changed_by`,`date_changed`,`retired`,`uuid`,`name`,`description`,`outcomes_concept_id`) VALUES (3,1482,24821,'2006-09-27 20:34:45',24881,'2014-07-02 17:50:57',0,'cf7c0e30-2700-102b-80cb-0017a47871b2','Adult HIV PROGRAM','PIH Adult HIV program',NULL);
INSERT INTO `program` (`program_id`,`concept_id`,`creator`,`date_created`,`changed_by`,`date_changed`,`retired`,`uuid`,`name`,`description`,`outcomes_concept_id`) VALUES (4,1648,6,'2006-09-27 20:35:03',1128,'2007-05-03 10:05:43',0,'cf7c10a6-2700-102b-80cb-0017a47871b2','TUBERCULOSIS PROGRAM',NULL,NULL);
INSERT INTO `program` (`program_id`,`concept_id`,`creator`,`date_created`,`changed_by`,`date_changed`,`retired`,`uuid`,`name`,`description`,`outcomes_concept_id`) VALUES (5,1845,1128,'2007-03-12 21:45:55',1128,'2007-03-12 21:48:00',0,'cf7c124a-2700-102b-80cb-0017a47871b2','NUTRITION PROGRAM',NULL,NULL);
INSERT INTO `program` (`program_id`,`concept_id`,`creator`,`date_created`,`changed_by`,`date_changed`,`retired`,`uuid`,`name`,`description`,`outcomes_concept_id`) VALUES (6,1647,24737,'2007-03-28 10:08:06',24737,'2012-06-07 15:15:03',0,'cf7c13da-2700-102b-80cb-0017a47871b2','PMTCT Pregnancy PROGRAM','PMTCT Pregnancy PROGRAM',NULL);
INSERT INTO `program` (`program_id`,`concept_id`,`creator`,`date_created`,`changed_by`,`date_changed`,`retired`,`uuid`,`name`,`description`,`outcomes_concept_id`) VALUES (9,2708,15971,'2007-10-04 14:29:35',24761,'2016-02-04 12:05:14',1,'cf7c1560-2700-102b-80cb-0017a47871b2','ORACTA STUDY','completed program due to the end of the research',NULL);
INSERT INTO `program` (`program_id`,`concept_id`,`creator`,`date_created`,`changed_by`,`date_changed`,`retired`,`uuid`,`name`,`description`,`outcomes_concept_id`) VALUES (10,2685,15887,'2007-10-29 22:29:37',24737,'2012-06-07 15:14:53',0,'cf7c16e6-2700-102b-80cb-0017a47871b2','PEDIATRIC HIV PROGRAM','PIH Pediatric HIV program',NULL);
INSERT INTO `program` (`program_id`,`concept_id`,`creator`,`date_created`,`changed_by`,`date_changed`,`retired`,`uuid`,`name`,`description`,`outcomes_concept_id`) VALUES (11,6213,18804,'2009-04-15 10:29:05',24737,'2012-06-07 15:13:05',0,'e60a89ad-de11-421a-b5bf-b489e264ffa6','HEART FAILURE PROGRAM','Heart Failure Program',NULL);
INSERT INTO `program` (`program_id`,`concept_id`,`creator`,`date_created`,`changed_by`,`date_changed`,`retired`,`uuid`,`name`,`description`,`outcomes_concept_id`) VALUES (12,6748,7,'2010-05-30 20:42:16',24761,'2016-02-04 12:07:24',0,'eff53c35-eaa8-4cae-9d68-78c2c21a5e6d','Diabetes Program','Program for diabetes patients',NULL);
INSERT INTO `program` (`program_id`,`concept_id`,`creator`,`date_created`,`changed_by`,`date_changed`,`retired`,`uuid`,`name`,`description`,`outcomes_concept_id`) VALUES (13,6768,7,'2010-08-17 19:41:04',24737,'2012-06-07 15:13:35',0,'6b825913-ab44-4e49-9ea0-c9e5919f94af','Chronic respiratory disease program','Chronic respiratory disease program',NULL);
INSERT INTO `program` (`program_id`,`concept_id`,`creator`,`date_created`,`changed_by`,`date_changed`,`retired`,`uuid`,`name`,`description`,`outcomes_concept_id`) VALUES (14,6846,7,'2010-08-17 19:43:08',24737,'2012-06-07 15:07:37',0,'a39cb21d-5f5e-4013-9b6b-139453ab93ec','Hypertension program ','Program for hypertension patients',NULL);
INSERT INTO `program` (`program_id`,`concept_id`,`creator`,`date_created`,`changed_by`,`date_changed`,`retired`,`uuid`,`name`,`description`,`outcomes_concept_id`) VALUES (15,6851,7,'2010-08-17 19:47:11',24737,'2012-06-07 15:07:14',0,'f5d23800-f4fc-486f-b174-ee2521f6192e','Epilepsy program','Program for epilepsy patients',NULL);
INSERT INTO `program` (`program_id`,`concept_id`,`creator`,`date_created`,`changed_by`,`date_changed`,`retired`,`uuid`,`name`,`description`,`outcomes_concept_id`) VALUES (16,6973,23132,'2010-10-25 21:55:56',24761,'2013-09-19 10:58:08',0,'518a9a1a-c5a9-4ce7-9396-292aef46e817','PMTCT Combined Clinic - Infant','PMTCT program for exposed infants',NULL);
INSERT INTO `program` (`program_id`,`concept_id`,`creator`,`date_created`,`changed_by`,`date_changed`,`retired`,`uuid`,`name`,`description`,`outcomes_concept_id`) VALUES (17,6978,24737,'2011-09-09 17:42:48',24737,'2012-06-07 14:56:48',0,'2f7506b4-21e6-445d-ba73-2c782a6ecbee','PMTCT Combined Clinic - Mother','PMTCT Combined Clinic - Mother',NULL);
INSERT INTO `program` (`program_id`,`concept_id`,`creator`,`date_created`,`changed_by`,`date_changed`,`retired`,`uuid`,`name`,`description`,`outcomes_concept_id`) VALUES (18,7100,24737,'2012-07-08 17:42:53',24822,'2014-01-23 11:00:33',0,'f02857cb-f894-42e9-b324-dcb8fea70f69','Oncology Program','Oncology Program',8011);
INSERT INTO `program` (`program_id`,`concept_id`,`creator`,`date_created`,`changed_by`,`date_changed`,`retired`,`uuid`,`name`,`description`,`outcomes_concept_id`) VALUES (19,7872,24737,'2013-01-09 15:58:10',NULL,'2013-01-09 15:58:50',0,'8f7db577-081e-47cd-b8e9-e7deabfeb9d2','External HIV Program','External HIV Program',NULL);
INSERT INTO `program` (`program_id`,`concept_id`,`creator`,`date_created`,`changed_by`,`date_changed`,`retired`,`uuid`,`name`,`description`,`outcomes_concept_id`) VALUES (20,8201,24822,'2014-10-07 11:14:23',24998,'2015-12-04 15:20:08',0,'fbfbef74-4b99-4070-95b8-7023e3db51e1','PDC Program','Pediatric Development Clinic Program',8274);
INSERT INTO `program` (`program_id`,`concept_id`,`creator`,`date_created`,`changed_by`,`date_changed`,`retired`,`uuid`,`name`,`description`,`outcomes_concept_id`) VALUES (21,1482,24761,'2016-02-04 10:33:15',24761,'2016-02-04 10:49:00',0,'d798dced-6575-47e5-8423-6cf73d4007c9','Test Berchmas','Test outcome to trigger state',1811);



INSERT INTO `program_workflow` (`program_workflow_id`,`program_id`,`concept_id`,`creator`,`date_created`,`retired`,`changed_by`,`date_changed`,`uuid`) VALUES (3,3,1484,24821,'2006-09-27 20:34:45',0,24881,'2014-07-02 17:50:57','cf8f2664-2700-102b-80cb-0017a47871b2');
INSERT INTO `program_workflow` (`program_workflow_id`,`program_id`,`concept_id`,`creator`,`date_created`,`retired`,`changed_by`,`date_changed`,`uuid`) VALUES (4,4,1484,6,'2006-09-27 20:35:03',0,NULL,NULL,'cf8f2934-2700-102b-80cb-0017a47871b2');
INSERT INTO `program_workflow` (`program_workflow_id`,`program_id`,`concept_id`,`creator`,`date_created`,`retired`,`changed_by`,`date_changed`,`uuid`) VALUES (5,5,1846,1128,'2007-03-12 21:48:00',0,NULL,NULL,'cf8f2ad8-2700-102b-80cb-0017a47871b2');
INSERT INTO `program_workflow` (`program_workflow_id`,`program_id`,`concept_id`,`creator`,`date_created`,`retired`,`changed_by`,`date_changed`,`uuid`) VALUES (6,6,1484,24737,'2007-03-28 10:11:39',0,24737,'2012-06-07 15:15:03','cf8f2c72-2700-102b-80cb-0017a47871b2');
INSERT INTO `program_workflow` (`program_workflow_id`,`program_id`,`concept_id`,`creator`,`date_created`,`retired`,`changed_by`,`date_changed`,`uuid`) VALUES (7,6,5272,24737,'2007-03-28 11:03:03',0,24737,'2012-06-07 15:15:03','cf8f2e16-2700-102b-80cb-0017a47871b2');
INSERT INTO `program_workflow` (`program_workflow_id`,`program_id`,`concept_id`,`creator`,`date_created`,`retired`,`changed_by`,`date_changed`,`uuid`) VALUES (9,3,3070,24821,'2007-05-03 09:35:38',0,24881,'2014-07-02 17:50:58','cf8f2fa6-2700-102b-80cb-0017a47871b2');
INSERT INTO `program_workflow` (`program_workflow_id`,`program_id`,`concept_id`,`creator`,`date_created`,`retired`,`changed_by`,`date_changed`,`uuid`) VALUES (10,4,1378,1128,'2007-05-03 10:05:42',0,NULL,NULL,'cf8f3140-2700-102b-80cb-0017a47871b2');
INSERT INTO `program_workflow` (`program_workflow_id`,`program_id`,`concept_id`,`creator`,`date_created`,`retired`,`changed_by`,`date_changed`,`uuid`) VALUES (19,10,1484,15887,'2007-10-29 22:31:52',0,24737,'2012-06-07 15:14:53','cf8f32da-2700-102b-80cb-0017a47871b2');
INSERT INTO `program_workflow` (`program_workflow_id`,`program_id`,`concept_id`,`creator`,`date_created`,`retired`,`changed_by`,`date_changed`,`uuid`) VALUES (20,10,3070,6,'2008-05-18 18:15:19',0,24737,'2012-06-07 15:14:53','25bce7b8-bddf-440a-b939-a9cc11f03a27');
INSERT INTO `program_workflow` (`program_workflow_id`,`program_id`,`concept_id`,`creator`,`date_created`,`retired`,`changed_by`,`date_changed`,`uuid`) VALUES (22,11,1484,6,'2009-04-17 08:11:05',0,24737,'2012-06-07 15:13:05','6db3cc1b-0d86-458b-ac88-43124fcbf2f7');
INSERT INTO `program_workflow` (`program_workflow_id`,`program_id`,`concept_id`,`creator`,`date_created`,`retired`,`changed_by`,`date_changed`,`uuid`) VALUES (23,11,6215,6,'2009-04-17 08:11:53',0,24737,'2012-06-07 15:13:05','b7e39c10-6c55-45c9-8316-5734ba499769');
INSERT INTO `program_workflow` (`program_workflow_id`,`program_id`,`concept_id`,`creator`,`date_created`,`retired`,`changed_by`,`date_changed`,`uuid`) VALUES (24,11,6216,6,'2009-04-17 08:12:02',0,24737,'2012-06-07 15:13:05','0a09f514-83d2-4997-aa04-7f4be4989f86');
INSERT INTO `program_workflow` (`program_workflow_id`,`program_id`,`concept_id`,`creator`,`date_created`,`retired`,`changed_by`,`date_changed`,`uuid`) VALUES (25,10,6653,21969,'2010-02-18 14:43:49',0,24737,'2012-06-07 15:14:53','7f3ea3ab-44c2-43e1-a089-7c1bfcf135db');
INSERT INTO `program_workflow` (`program_workflow_id`,`program_id`,`concept_id`,`creator`,`date_created`,`retired`,`changed_by`,`date_changed`,`uuid`) VALUES (26,10,6275,21969,'2010-02-18 15:03:04',0,24737,'2012-06-07 15:14:53','4c343398-1587-4628-83c5-47e4802b09d6');
INSERT INTO `program_workflow` (`program_workflow_id`,`program_id`,`concept_id`,`creator`,`date_created`,`retired`,`changed_by`,`date_changed`,`uuid`) VALUES (27,12,6751,7,'2010-05-30 20:42:16',0,24761,'2016-02-04 12:05:28','44267b03-2920-46bc-970c-e87479077292');
INSERT INTO `program_workflow` (`program_workflow_id`,`program_id`,`concept_id`,`creator`,`date_created`,`retired`,`changed_by`,`date_changed`,`uuid`) VALUES (28,12,6750,7,'2010-05-30 20:42:16',0,24761,'2016-02-04 12:05:28','0fa5be43-24fd-470d-98b1-10175ad1f715');
INSERT INTO `program_workflow` (`program_workflow_id`,`program_id`,`concept_id`,`creator`,`date_created`,`retired`,`changed_by`,`date_changed`,`uuid`) VALUES (29,13,6215,7,'2010-08-17 19:41:04',0,24737,'2012-06-07 15:13:35','849fb233-7298-4c51-8820-55f782c4f0f6');
INSERT INTO `program_workflow` (`program_workflow_id`,`program_id`,`concept_id`,`creator`,`date_created`,`retired`,`changed_by`,`date_changed`,`uuid`) VALUES (30,13,6751,7,'2010-08-17 19:41:04',0,24737,'2012-06-07 15:13:35','49e8523d-527f-47f1-81b4-9286fa763da8');
INSERT INTO `program_workflow` (`program_workflow_id`,`program_id`,`concept_id`,`creator`,`date_created`,`retired`,`changed_by`,`date_changed`,`uuid`) VALUES (31,13,6844,7,'2010-08-17 19:41:04',0,24737,'2012-06-07 15:13:35','27dbf47c-ed63-47d8-9b18-5a3d7ae18cde');
INSERT INTO `program_workflow` (`program_workflow_id`,`program_id`,`concept_id`,`creator`,`date_created`,`retired`,`changed_by`,`date_changed`,`uuid`) VALUES (32,14,1484,7,'2010-08-17 19:43:08',0,24737,'2012-06-07 15:07:37','72bad7f4-feda-435d-b2b6-cace0848428a');
INSERT INTO `program_workflow` (`program_workflow_id`,`program_id`,`concept_id`,`creator`,`date_created`,`retired`,`changed_by`,`date_changed`,`uuid`) VALUES (33,14,6215,7,'2010-08-17 19:43:08',0,24737,'2012-06-07 15:07:37','71a0eb7f-84e3-4397-bd8d-423bc817b88d');
INSERT INTO `program_workflow` (`program_workflow_id`,`program_id`,`concept_id`,`creator`,`date_created`,`retired`,`changed_by`,`date_changed`,`uuid`) VALUES (34,15,1484,7,'2010-08-17 19:47:11',0,24737,'2012-06-07 15:07:14','44585342-c233-4a15-82bf-f17998de29b7');
INSERT INTO `program_workflow` (`program_workflow_id`,`program_id`,`concept_id`,`creator`,`date_created`,`retired`,`changed_by`,`date_changed`,`uuid`) VALUES (35,15,6215,7,'2010-08-17 19:47:11',0,24737,'2012-06-07 15:07:14','05ad0001-3da5-478a-b69e-64f15821b6d4');
INSERT INTO `program_workflow` (`program_workflow_id`,`program_id`,`concept_id`,`creator`,`date_created`,`retired`,`changed_by`,`date_changed`,`uuid`) VALUES (36,16,6979,7,'2011-02-01 01:06:32',1,24761,'2013-09-19 10:58:08','796e7778-825f-4cb6-ba38-4f3b2044ea2c');
INSERT INTO `program_workflow` (`program_workflow_id`,`program_id`,`concept_id`,`creator`,`date_created`,`retired`,`changed_by`,`date_changed`,`uuid`) VALUES (37,16,6979,23132,'2011-02-03 21:32:10',0,24761,'2013-09-19 10:58:08','fa52c9b2-9ddf-4ee2-bea3-c0df762874ae');
INSERT INTO `program_workflow` (`program_workflow_id`,`program_id`,`concept_id`,`creator`,`date_created`,`retired`,`changed_by`,`date_changed`,`uuid`) VALUES (38,17,3070,18804,'2012-05-03 09:55:59',0,24737,'2012-06-07 14:56:48','abc7db00-ca8a-4648-b257-e875b18f9e51');
INSERT INTO `program_workflow` (`program_workflow_id`,`program_id`,`concept_id`,`creator`,`date_created`,`retired`,`changed_by`,`date_changed`,`uuid`) VALUES (39,16,3070,18804,'2012-05-03 09:58:08',0,24761,'2013-09-19 10:58:08','b5fb7cbd-912b-4225-87dd-e9b023080258');
INSERT INTO `program_workflow` (`program_workflow_id`,`program_id`,`concept_id`,`creator`,`date_created`,`retired`,`changed_by`,`date_changed`,`uuid`) VALUES (40,6,3070,18804,'2012-05-03 10:19:52',0,24737,'2012-06-07 15:15:03','d17042f9-ab93-4cc6-b14b-60c74baf8c8a');
INSERT INTO `program_workflow` (`program_workflow_id`,`program_id`,`concept_id`,`creator`,`date_created`,`retired`,`changed_by`,`date_changed`,`uuid`) VALUES (47,18,6216,24761,'2012-09-28 09:43:31',0,24822,'2014-01-23 11:00:33','f213cee1-df80-4a6d-a3eb-44e4581c3479');
INSERT INTO `program_workflow` (`program_workflow_id`,`program_id`,`concept_id`,`creator`,`date_created`,`retired`,`changed_by`,`date_changed`,`uuid`) VALUES (48,18,7124,24761,'2012-09-25 11:05:54',0,24822,'2014-01-23 11:00:33','bc04fe8c-869e-4b9b-8b9f-7224c0a3cb1f');
INSERT INTO `program_workflow` (`program_workflow_id`,`program_id`,`concept_id`,`creator`,`date_created`,`retired`,`changed_by`,`date_changed`,`uuid`) VALUES (49,18,7111,24761,'2012-09-28 09:43:31',0,24822,'2014-01-23 11:00:33','c8dea23e-c596-40d0-a4a4-08cb61b82d3b');
INSERT INTO `program_workflow` (`program_workflow_id`,`program_id`,`concept_id`,`creator`,`date_created`,`retired`,`changed_by`,`date_changed`,`uuid`) VALUES (50,18,7113,24761,'2012-09-25 11:05:54',0,24822,'2014-01-23 11:00:33','e0a43e8d-27ce-4417-a497-54974c699bc0');
INSERT INTO `program_workflow` (`program_workflow_id`,`program_id`,`concept_id`,`creator`,`date_created`,`retired`,`changed_by`,`date_changed`,`uuid`) VALUES (51,18,3064,24761,'2012-09-25 11:05:54',0,24822,'2014-01-23 11:00:33','2e602550-4337-4ffa-90a2-7becc3f167b1');
INSERT INTO `program_workflow` (`program_workflow_id`,`program_id`,`concept_id`,`creator`,`date_created`,`retired`,`changed_by`,`date_changed`,`uuid`) VALUES (52,18,7108,24761,'2012-09-25 11:05:54',0,24822,'2014-01-23 11:00:33','bf1d4a87-4219-4741-ac9a-770fb7cb7036');
INSERT INTO `program_workflow` (`program_workflow_id`,`program_id`,`concept_id`,`creator`,`date_created`,`retired`,`changed_by`,`date_changed`,`uuid`) VALUES (53,19,1484,24737,'2013-01-09 15:58:10',0,NULL,'2013-01-09 15:58:50','5eb0c630-300e-48d6-9ff3-6c261bf54509');
INSERT INTO `program_workflow` (`program_workflow_id`,`program_id`,`concept_id`,`creator`,`date_created`,`retired`,`changed_by`,`date_changed`,`uuid`) VALUES (54,21,1484,24761,'2016-02-04 10:33:15',0,24761,'2016-02-04 10:49:00','bf412da3-bae7-4e60-80de-6fa8ad853c64');




INSERT INTO `program_workflow_state` (`program_workflow_state_id`,`program_workflow_id`,`concept_id`,`initial`,`terminal`,`creator`,`date_created`,`retired`,`changed_by`,`date_changed`,`uuid`) VALUES (5,22,1490,1,0,1,'2006-09-27 21:20:39',0,1,'2014-07-02 17:50:57','cfa241f4-2700-102b-80cb-0017a47871b2');
INSERT INTO `program_workflow_state` (`program_workflow_state_id`,`program_workflow_id`,`concept_id`,`initial`,`terminal`,`creator`,`date_created`,`retired`,`changed_by`,`date_changed`,`uuid`) VALUES (6,22,1710,1,0,1,'2006-09-27 21:20:39',0,1,'2014-07-02 17:50:58','cfa244b0-2700-102b-80cb-0017a47871b2');
INSERT INTO `program_workflow_state` (`program_workflow_state_id`,`program_workflow_id`,`concept_id`,`initial`,`terminal`,`creator`,`date_created`,`retired`,`changed_by`,`date_changed`,`uuid`) VALUES (7,22,1708,1,0,1,'2006-09-27 21:20:39',0,1,'2014-07-02 17:50:58','cfa24690-2700-102b-80cb-0017a47871b2');
INSERT INTO `program_workflow_state` (`program_workflow_state_id`,`program_workflow_id`,`concept_id`,`initial`,`terminal`,`creator`,`date_created`,`retired`,`changed_by`,`date_changed`,`uuid`) VALUES (8,22,1485,1,0,1,'2006-09-27 21:20:39',0,1,'2014-07-02 17:50:58','cfa24848-2700-102b-80cb-0017a47871b2');
INSERT INTO `program_workflow_state` (`program_workflow_state_id`,`program_workflow_id`,`concept_id`,`initial`,`terminal`,`creator`,`date_created`,`retired`,`changed_by`,`date_changed`,`uuid`) VALUES (9,22,1574,1,0,1,'2006-09-27 21:20:39',0,1,'2014-07-02 17:50:58','cfa24a00-2700-102b-80cb-0017a47871b2');
INSERT INTO `program_workflow_state` (`program_workflow_state_id`,`program_workflow_id`,`concept_id`,`initial`,`terminal`,`creator`,`date_created`,`retired`,`changed_by`,`date_changed`,`uuid`) VALUES (10,22,1577,1,0,1,'2006-09-27 21:20:39',0,1,'2014-07-02 17:50:58','cfa24bb8-2700-102b-80cb-0017a47871b2');
INSERT INTO `program_workflow_state` (`program_workflow_state_id`,`program_workflow_id`,`concept_id`,`initial`,`terminal`,`creator`,`date_created`,`retired`,`changed_by`,`date_changed`,`uuid`) VALUES (11,22,1579,0,1,1,'2006-09-27 21:20:39',0,1,'2014-07-02 17:50:58','cfa24db6-2700-102b-80cb-0017a47871b2');
INSERT INTO `program_workflow_state` (`program_workflow_state_id`,`program_workflow_id`,`concept_id`,`initial`,`terminal`,`creator`,`date_created`,`retired`,`changed_by`,`date_changed`,`uuid`) VALUES (12,22,1483,0,1,1,'2006-09-27 21:20:39',0,1,'2014-07-02 17:50:57','cfa24f6e-2700-102b-80cb-0017a47871b2');
INSERT INTO `program_workflow_state` (`program_workflow_state_id`,`program_workflow_id`,`concept_id`,`initial`,`terminal`,`creator`,`date_created`,`retired`,`changed_by`,`date_changed`,`uuid`) VALUES (13,22,1713,0,1,1,'2006-09-27 21:20:39',0,1,'2014-07-02 17:50:57','cfa2511c-2700-102b-80cb-0017a47871b2');
INSERT INTO `program_workflow_state` (`program_workflow_state_id`,`program_workflow_id`,`concept_id`,`initial`,`terminal`,`creator`,`date_created`,`retired`,`changed_by`,`date_changed`,`uuid`) VALUES (14,22,1742,0,1,1,'2006-09-27 21:20:39',0,1,'2014-07-02 17:50:57','cfa252d4-2700-102b-80cb-0017a47871b2');
INSERT INTO `program_workflow_state` (`program_workflow_state_id`,`program_workflow_id`,`concept_id`,`initial`,`terminal`,`creator`,`date_created`,`retired`,`changed_by`,`date_changed`,`uuid`) VALUES (15,22,1744,0,1,1,'2006-09-27 21:20:39',0,1,'2014-07-02 17:50:57','cfa2548c-2700-102b-80cb-0017a47871b2');
INSERT INTO `program_workflow_state` (`program_workflow_state_id`,`program_workflow_id`,`concept_id`,`initial`,`terminal`,`creator`,`date_created`,`retired`,`changed_by`,`date_changed`,`uuid`) VALUES (16,22,1743,0,1,1,'2006-09-27 21:20:39',0,1,'2014-07-02 17:50:57','cfa2563a-2700-102b-80cb-0017a47871b2');
INSERT INTO `program_workflow_state` (`program_workflow_state_id`,`program_workflow_id`,`concept_id`,`initial`,`terminal`,`creator`,`date_created`,`retired`,`changed_by`,`date_changed`,`uuid`) VALUES (17,23,1487,1,0,6,'2006-09-27 21:22:23',0,NULL,NULL,'cfa257f2-2700-102b-80cb-0017a47871b2');
INSERT INTO `program_workflow_state` (`program_workflow_state_id`,`program_workflow_id`,`concept_id`,`initial`,`terminal`,`creator`,`date_created`,`retired`,`changed_by`,`date_changed`,`uuid`) VALUES (18,23,1742,0,1,6,'2006-09-27 21:22:23',0,NULL,NULL,'cfa259aa-2700-102b-80cb-0017a47871b2');
INSERT INTO `program_workflow_state` (`program_workflow_state_id`,`program_workflow_id`,`concept_id`,`initial`,`terminal`,`creator`,`date_created`,`retired`,`changed_by`,`date_changed`,`uuid`) VALUES (19,23,1743,0,1,6,'2006-09-27 21:22:23',0,NULL,NULL,'cfa25b58-2700-102b-80cb-0017a47871b2');
INSERT INTO `program_workflow_state` (`program_workflow_state_id`,`program_workflow_id`,`concept_id`,`initial`,`terminal`,`creator`,`date_created`,`retired`,`changed_by`,`date_changed`,`uuid`) VALUES (20,23,1744,0,1,6,'2006-09-27 21:22:23',0,NULL,NULL,'cfa25d10-2700-102b-80cb-0017a47871b2');
INSERT INTO `program_workflow_state` (`program_workflow_state_id`,`program_workflow_id`,`concept_id`,`initial`,`terminal`,`creator`,`date_created`,`retired`,`changed_by`,`date_changed`,`uuid`) VALUES (21,23,1714,0,1,6,'2006-09-27 22:03:42',0,NULL,NULL,'cfa25ec8-2700-102b-80cb-0017a47871b2');
INSERT INTO `program_workflow_state` (`program_workflow_state_id`,`program_workflow_id`,`concept_id`,`initial`,`terminal`,`creator`,`date_created`,`retired`,`changed_by`,`date_changed`,`uuid`) VALUES (22,5,1847,1,0,1,'2007-03-12 22:00:39',0,NULL,NULL,'cfa28024-2700-102b-80cb-0017a47871b2');
INSERT INTO `program_workflow_state` (`program_workflow_state_id`,`program_workflow_id`,`concept_id`,`initial`,`terminal`,`creator`,`date_created`,`retired`,`changed_by`,`date_changed`,`uuid`) VALUES (23,5,1848,1,0,1,'2007-03-12 22:00:39',0,NULL,NULL,'cfa281e6-2700-102b-80cb-0017a47871b2');
INSERT INTO `program_workflow_state` (`program_workflow_state_id`,`program_workflow_id`,`concept_id`,`initial`,`terminal`,`creator`,`date_created`,`retired`,`changed_by`,`date_changed`,`uuid`) VALUES (24,5,1849,0,1,1,'2007-03-12 22:00:39',0,NULL,NULL,'cfa28394-2700-102b-80cb-0017a47871b2');
INSERT INTO `program_workflow_state` (`program_workflow_state_id`,`program_workflow_id`,`concept_id`,`initial`,`terminal`,`creator`,`date_created`,`retired`,`changed_by`,`date_changed`,`uuid`) VALUES (25,5,1742,0,1,1,'2007-03-12 22:00:39',0,NULL,NULL,'cfa2854c-2700-102b-80cb-0017a47871b2');
INSERT INTO `program_workflow_state` (`program_workflow_state_id`,`program_workflow_id`,`concept_id`,`initial`,`terminal`,`creator`,`date_created`,`retired`,`changed_by`,`date_changed`,`uuid`) VALUES (26,5,1744,0,1,1,'2007-03-12 22:00:39',0,NULL,NULL,'cfa28704-2700-102b-80cb-0017a47871b2');
INSERT INTO `program_workflow_state` (`program_workflow_state_id`,`program_workflow_id`,`concept_id`,`initial`,`terminal`,`creator`,`date_created`,`retired`,`changed_by`,`date_changed`,`uuid`) VALUES (27,5,1743,0,1,1,'2007-03-12 22:00:39',0,NULL,NULL,'cfa288bc-2700-102b-80cb-0017a47871b2');
INSERT INTO `program_workflow_state` (`program_workflow_state_id`,`program_workflow_id`,`concept_id`,`initial`,`terminal`,`creator`,`date_created`,`retired`,`changed_by`,`date_changed`,`uuid`) VALUES (29,6,1742,0,1,1,'2007-03-28 10:39:46',0,1,'2012-06-07 15:15:03','cfa28a74-2700-102b-80cb-0017a47871b2');
INSERT INTO `program_workflow_state` (`program_workflow_state_id`,`program_workflow_id`,`concept_id`,`initial`,`terminal`,`creator`,`date_created`,`retired`,`changed_by`,`date_changed`,`uuid`) VALUES (30,6,1743,0,1,1,'2007-03-28 10:40:08',0,1,'2012-06-07 15:15:03','cfa28c22-2700-102b-80cb-0017a47871b2');
INSERT INTO `program_workflow_state` (`program_workflow_state_id`,`program_workflow_id`,`concept_id`,`initial`,`terminal`,`creator`,`date_created`,`retired`,`changed_by`,`date_changed`,`uuid`) VALUES (31,6,1744,0,1,1,'2007-03-28 10:40:08',0,1,'2012-06-07 15:15:03','cfa28de4-2700-102b-80cb-0017a47871b2');
INSERT INTO `program_workflow_state` (`program_workflow_state_id`,`program_workflow_id`,`concept_id`,`initial`,`terminal`,`creator`,`date_created`,`retired`,`changed_by`,`date_changed`,`uuid`) VALUES (32,6,1577,1,0,1,'2007-03-28 10:40:25',0,1,'2012-06-07 15:15:03','cfa28f92-2700-102b-80cb-0017a47871b2');
INSERT INTO `program_workflow_state` (`program_workflow_state_id`,`program_workflow_id`,`concept_id`,`initial`,`terminal`,`creator`,`date_created`,`retired`,`changed_by`,`date_changed`,`uuid`) VALUES (33,6,1708,1,0,1,'2007-03-28 10:40:25',0,1,'2012-06-07 15:15:03','cfa2914a-2700-102b-80cb-0017a47871b2');
INSERT INTO `program_workflow_state` (`program_workflow_state_id`,`program_workflow_id`,`concept_id`,`initial`,`terminal`,`creator`,`date_created`,`retired`,`changed_by`,`date_changed`,`uuid`) VALUES (34,6,1713,0,1,1,'2007-03-28 10:40:49',0,1,'2012-06-07 15:15:03','cfa29302-2700-102b-80cb-0017a47871b2');
INSERT INTO `program_workflow_state` (`program_workflow_state_id`,`program_workflow_id`,`concept_id`,`initial`,`terminal`,`creator`,`date_created`,`retired`,`changed_by`,`date_changed`,`uuid`) VALUES (35,6,1850,0,1,1,'2007-03-28 10:41:00',0,1,'2012-06-07 15:15:03','cfa294ba-2700-102b-80cb-0017a47871b2');
INSERT INTO `program_workflow_state` (`program_workflow_state_id`,`program_workflow_id`,`concept_id`,`initial`,`terminal`,`creator`,`date_created`,`retired`,`changed_by`,`date_changed`,`uuid`) VALUES (36,6,1483,0,1,1,'2007-03-28 10:44:58',0,1,'2012-06-07 15:15:03','cfa29672-2700-102b-80cb-0017a47871b2');
INSERT INTO `program_workflow_state` (`program_workflow_state_id`,`program_workflow_id`,`concept_id`,`initial`,`terminal`,`creator`,`date_created`,`retired`,`changed_by`,`date_changed`,`uuid`) VALUES (37,7,1742,0,1,1,'2007-03-28 11:03:56',0,1,'2012-06-07 15:15:03','cfa2982a-2700-102b-80cb-0017a47871b2');
INSERT INTO `program_workflow_state` (`program_workflow_state_id`,`program_workflow_id`,`concept_id`,`initial`,`terminal`,`creator`,`date_created`,`retired`,`changed_by`,`date_changed`,`uuid`) VALUES (38,7,1744,0,1,1,'2007-03-28 11:03:56',0,1,'2012-06-07 15:15:03','cfa299d8-2700-102b-80cb-0017a47871b2');
INSERT INTO `program_workflow_state` (`program_workflow_state_id`,`program_workflow_id`,`concept_id`,`initial`,`terminal`,`creator`,`date_created`,`retired`,`changed_by`,`date_changed`,`uuid`) VALUES (39,7,1743,0,1,1,'2007-03-28 11:03:56',0,1,'2012-06-07 15:15:03','cfa29bc2-2700-102b-80cb-0017a47871b2');
INSERT INTO `program_workflow_state` (`program_workflow_state_id`,`program_workflow_id`,`concept_id`,`initial`,`terminal`,`creator`,`date_created`,`retired`,`changed_by`,`date_changed`,`uuid`) VALUES (40,7,1755,1,0,1,'2007-03-28 11:05:09',0,1,'2012-06-07 15:15:03','cfa29d7a-2700-102b-80cb-0017a47871b2');
INSERT INTO `program_workflow_state` (`program_workflow_state_id`,`program_workflow_id`,`concept_id`,`initial`,`terminal`,`creator`,`date_created`,`retired`,`changed_by`,`date_changed`,`uuid`) VALUES (44,7,1851,0,1,1,'2007-03-28 11:21:25',0,1,'2012-06-07 15:15:03','cfa29f3c-2700-102b-80cb-0017a47871b2');
INSERT INTO `program_workflow_state` (`program_workflow_state_id`,`program_workflow_id`,`concept_id`,`initial`,`terminal`,`creator`,`date_created`,`retired`,`changed_by`,`date_changed`,`uuid`) VALUES (45,7,1852,0,1,1,'2007-03-28 11:21:25',0,1,'2012-06-07 15:15:03','cfa2a0f4-2700-102b-80cb-0017a47871b2');
INSERT INTO `program_workflow_state` (`program_workflow_state_id`,`program_workflow_id`,`concept_id`,`initial`,`terminal`,`creator`,`date_created`,`retired`,`changed_by`,`date_changed`,`uuid`) VALUES (247,9,1951,1,0,1,'2007-05-03 09:35:38',0,1,'2014-07-02 17:50:58','cfa2a2ac-2700-102b-80cb-0017a47871b2');
INSERT INTO `program_workflow_state` (`program_workflow_state_id`,`program_workflow_id`,`concept_id`,`initial`,`terminal`,`creator`,`date_created`,`retired`,`changed_by`,`date_changed`,`uuid`) VALUES (248,9,1952,1,0,1,'2007-05-03 09:35:40',0,1,'2014-07-02 17:50:58','cfa2a464-2700-102b-80cb-0017a47871b2');
INSERT INTO `program_workflow_state` (`program_workflow_state_id`,`program_workflow_id`,`concept_id`,`initial`,`terminal`,`creator`,`date_created`,`retired`,`changed_by`,`date_changed`,`uuid`) VALUES (249,9,1953,1,0,1,'2007-05-03 09:35:42',0,1,'2014-07-02 17:50:58','cfa2a61c-2700-102b-80cb-0017a47871b2');
INSERT INTO `program_workflow_state` (`program_workflow_state_id`,`program_workflow_id`,`concept_id`,`initial`,`terminal`,`creator`,`date_created`,`retired`,`changed_by`,`date_changed`,`uuid`) VALUES (250,9,1954,1,0,1,'2007-05-03 09:35:44',0,1,'2014-07-02 17:50:58','cfa2a7ca-2700-102b-80cb-0017a47871b2');
INSERT INTO `program_workflow_state` (`program_workflow_state_id`,`program_workflow_id`,`concept_id`,`initial`,`terminal`,`creator`,`date_created`,`retired`,`changed_by`,`date_changed`,`uuid`) VALUES (251,9,1955,1,0,1,'2007-05-03 09:35:46',0,1,'2014-07-02 17:50:58','cfa2a98c-2700-102b-80cb-0017a47871b2');
INSERT INTO `program_workflow_state` (`program_workflow_state_id`,`program_workflow_id`,`concept_id`,`initial`,`terminal`,`creator`,`date_created`,`retired`,`changed_by`,`date_changed`,`uuid`) VALUES (252,9,1956,1,0,1,'2007-05-03 09:35:48',0,1,'2014-07-02 17:50:58','cfa2ab3a-2700-102b-80cb-0017a47871b2');
INSERT INTO `program_workflow_state` (`program_workflow_state_id`,`program_workflow_id`,`concept_id`,`initial`,`terminal`,`creator`,`date_created`,`retired`,`changed_by`,`date_changed`,`uuid`) VALUES (253,9,1957,1,0,1,'2007-05-03 09:35:50',0,1,'2014-07-02 17:50:58','cfa2cb6a-2700-102b-80cb-0017a47871b2');
INSERT INTO `program_workflow_state` (`program_workflow_state_id`,`program_workflow_id`,`concept_id`,`initial`,`terminal`,`creator`,`date_created`,`retired`,`changed_by`,`date_changed`,`uuid`) VALUES (254,9,1958,1,0,1,'2007-05-03 09:35:52',0,1,'2014-07-02 17:50:58','cfa2cd2c-2700-102b-80cb-0017a47871b2');
INSERT INTO `program_workflow_state` (`program_workflow_state_id`,`program_workflow_id`,`concept_id`,`initial`,`terminal`,`creator`,`date_created`,`retired`,`changed_by`,`date_changed`,`uuid`) VALUES (255,9,1959,1,0,1,'2007-05-03 09:35:53',0,1,'2014-07-02 17:50:58','cfa2ce76-2700-102b-80cb-0017a47871b2');
INSERT INTO `program_workflow_state` (`program_workflow_state_id`,`program_workflow_id`,`concept_id`,`initial`,`terminal`,`creator`,`date_created`,`retired`,`changed_by`,`date_changed`,`uuid`) VALUES (256,9,1960,1,0,1,'2007-05-03 09:35:56',0,1,'2014-07-02 17:50:58','cfa2cfc0-2700-102b-80cb-0017a47871b2');
INSERT INTO `program_workflow_state` (`program_workflow_state_id`,`program_workflow_id`,`concept_id`,`initial`,`terminal`,`creator`,`date_created`,`retired`,`changed_by`,`date_changed`,`uuid`) VALUES (257,9,1744,0,1,1,'2007-05-03 09:35:56',0,1,'2014-07-02 17:50:58','cfa2d10a-2700-102b-80cb-0017a47871b2');
INSERT INTO `program_workflow_state` (`program_workflow_state_id`,`program_workflow_id`,`concept_id`,`initial`,`terminal`,`creator`,`date_created`,`retired`,`changed_by`,`date_changed`,`uuid`) VALUES (258,9,1961,1,0,1,'2007-05-03 09:35:58',0,1,'2014-07-02 17:50:58','cfa2d24a-2700-102b-80cb-0017a47871b2');
INSERT INTO `program_workflow_state` (`program_workflow_state_id`,`program_workflow_id`,`concept_id`,`initial`,`terminal`,`creator`,`date_created`,`retired`,`changed_by`,`date_changed`,`uuid`) VALUES (259,9,1962,1,0,1,'2007-05-03 09:36:00',0,1,'2014-07-02 17:50:59','cfa2d394-2700-102b-80cb-0017a47871b2');
INSERT INTO `program_workflow_state` (`program_workflow_state_id`,`program_workflow_id`,`concept_id`,`initial`,`terminal`,`creator`,`date_created`,`retired`,`changed_by`,`date_changed`,`uuid`) VALUES (260,9,1743,0,1,1,'2007-05-03 09:36:01',0,1,'2014-07-02 17:50:59','cfa2d4d4-2700-102b-80cb-0017a47871b2');
INSERT INTO `program_workflow_state` (`program_workflow_state_id`,`program_workflow_id`,`concept_id`,`initial`,`terminal`,`creator`,`date_created`,`retired`,`changed_by`,`date_changed`,`uuid`) VALUES (261,9,1963,1,0,1,'2007-05-03 09:36:05',0,1,'2014-07-02 17:50:59','cfa2d61e-2700-102b-80cb-0017a47871b2');
INSERT INTO `program_workflow_state` (`program_workflow_state_id`,`program_workflow_id`,`concept_id`,`initial`,`terminal`,`creator`,`date_created`,`retired`,`changed_by`,`date_changed`,`uuid`) VALUES (262,9,1964,1,0,1,'2007-05-03 09:36:07',0,1,'2014-07-02 17:50:59','cfa2d75e-2700-102b-80cb-0017a47871b2');
INSERT INTO `program_workflow_state` (`program_workflow_state_id`,`program_workflow_id`,`concept_id`,`initial`,`terminal`,`creator`,`date_created`,`retired`,`changed_by`,`date_changed`,`uuid`) VALUES (263,9,1965,1,0,1,'2007-05-03 09:36:10',0,1,'2014-07-02 17:50:59','cfa2d89e-2700-102b-80cb-0017a47871b2');
INSERT INTO `program_workflow_state` (`program_workflow_state_id`,`program_workflow_id`,`concept_id`,`initial`,`terminal`,`creator`,`date_created`,`retired`,`changed_by`,`date_changed`,`uuid`) VALUES (264,9,1966,1,0,1,'2007-05-03 09:36:12',0,1,'2014-07-02 17:50:59','cfa2d9e8-2700-102b-80cb-0017a47871b2');
INSERT INTO `program_workflow_state` (`program_workflow_state_id`,`program_workflow_id`,`concept_id`,`initial`,`terminal`,`creator`,`date_created`,`retired`,`changed_by`,`date_changed`,`uuid`) VALUES (265,9,1967,1,0,1,'2007-05-03 09:36:13',0,1,'2014-07-02 17:50:59','cfa2db28-2700-102b-80cb-0017a47871b2');
INSERT INTO `program_workflow_state` (`program_workflow_state_id`,`program_workflow_id`,`concept_id`,`initial`,`terminal`,`creator`,`date_created`,`retired`,`changed_by`,`date_changed`,`uuid`) VALUES (266,9,1742,0,1,1,'2007-05-03 09:36:15',0,1,'2014-07-02 17:50:59','cfa2dc72-2700-102b-80cb-0017a47871b2');
INSERT INTO `program_workflow_state` (`program_workflow_state_id`,`program_workflow_id`,`concept_id`,`initial`,`terminal`,`creator`,`date_created`,`retired`,`changed_by`,`date_changed`,`uuid`) VALUES (267,9,1968,1,0,1,'2007-05-03 09:36:18',0,1,'2014-07-02 17:50:59','cfa2ddb2-2700-102b-80cb-0017a47871b2');
INSERT INTO `program_workflow_state` (`program_workflow_state_id`,`program_workflow_id`,`concept_id`,`initial`,`terminal`,`creator`,`date_created`,`retired`,`changed_by`,`date_changed`,`uuid`) VALUES (268,9,1969,1,0,1,'2007-05-03 09:36:20',0,1,'2014-07-02 17:50:59','cfa2def2-2700-102b-80cb-0017a47871b2');
INSERT INTO `program_workflow_state` (`program_workflow_state_id`,`program_workflow_id`,`concept_id`,`initial`,`terminal`,`creator`,`date_created`,`retired`,`changed_by`,`date_changed`,`uuid`) VALUES (269,9,1970,1,0,1,'2007-05-03 09:36:22',0,1,'2014-07-02 17:50:59','cfa2e032-2700-102b-80cb-0017a47871b2');
INSERT INTO `program_workflow_state` (`program_workflow_state_id`,`program_workflow_id`,`concept_id`,`initial`,`terminal`,`creator`,`date_created`,`retired`,`changed_by`,`date_changed`,`uuid`) VALUES (270,9,1971,1,0,1,'2007-05-03 09:36:24',0,1,'2014-07-02 17:50:59','cfa2e17c-2700-102b-80cb-0017a47871b2');
INSERT INTO `program_workflow_state` (`program_workflow_state_id`,`program_workflow_id`,`concept_id`,`initial`,`terminal`,`creator`,`date_created`,`retired`,`changed_by`,`date_changed`,`uuid`) VALUES (271,9,1972,1,0,1,'2007-05-03 09:36:26',0,1,'2014-07-02 17:50:59','cfa2e2bc-2700-102b-80cb-0017a47871b2');
INSERT INTO `program_workflow_state` (`program_workflow_state_id`,`program_workflow_id`,`concept_id`,`initial`,`terminal`,`creator`,`date_created`,`retired`,`changed_by`,`date_changed`,`uuid`) VALUES (272,9,1973,1,0,1,'2007-05-03 09:36:28',0,1,'2014-07-02 17:50:59','cfa2e406-2700-102b-80cb-0017a47871b2');
INSERT INTO `program_workflow_state` (`program_workflow_state_id`,`program_workflow_id`,`concept_id`,`initial`,`terminal`,`creator`,`date_created`,`retired`,`changed_by`,`date_changed`,`uuid`) VALUES (273,9,1974,1,0,1,'2007-05-03 09:36:30',0,1,'2014-07-02 17:50:59','cfa2e546-2700-102b-80cb-0017a47871b2');
INSERT INTO `program_workflow_state` (`program_workflow_state_id`,`program_workflow_id`,`concept_id`,`initial`,`terminal`,`creator`,`date_created`,`retired`,`changed_by`,`date_changed`,`uuid`) VALUES (274,9,1975,1,0,1,'2007-05-03 09:36:33',0,1,'2014-07-02 17:50:59','cfa2e686-2700-102b-80cb-0017a47871b2');
INSERT INTO `program_workflow_state` (`program_workflow_state_id`,`program_workflow_id`,`concept_id`,`initial`,`terminal`,`creator`,`date_created`,`retired`,`changed_by`,`date_changed`,`uuid`) VALUES (275,9,1976,1,0,1,'2007-05-03 09:36:36',0,1,'2014-07-02 17:50:59','cfa2e7d0-2700-102b-80cb-0017a47871b2');
INSERT INTO `program_workflow_state` (`program_workflow_state_id`,`program_workflow_id`,`concept_id`,`initial`,`terminal`,`creator`,`date_created`,`retired`,`changed_by`,`date_changed`,`uuid`) VALUES (276,9,1977,1,0,1,'2007-05-03 09:36:40',0,1,'2014-07-02 17:50:59','cfa2e938-2700-102b-80cb-0017a47871b2');
INSERT INTO `program_workflow_state` (`program_workflow_state_id`,`program_workflow_id`,`concept_id`,`initial`,`terminal`,`creator`,`date_created`,`retired`,`changed_by`,`date_changed`,`uuid`) VALUES (277,9,1978,1,0,1,'2007-05-03 09:36:43',0,1,'2014-07-02 17:50:59','cfa2ea78-2700-102b-80cb-0017a47871b2');
INSERT INTO `program_workflow_state` (`program_workflow_state_id`,`program_workflow_id`,`concept_id`,`initial`,`terminal`,`creator`,`date_created`,`retired`,`changed_by`,`date_changed`,`uuid`) VALUES (278,9,1979,1,0,1,'2007-05-03 09:36:46',0,1,'2014-07-02 17:51:00','cfa2ebb8-2700-102b-80cb-0017a47871b2');
INSERT INTO `program_workflow_state` (`program_workflow_state_id`,`program_workflow_id`,`concept_id`,`initial`,`terminal`,`creator`,`date_created`,`retired`,`changed_by`,`date_changed`,`uuid`) VALUES (279,9,1980,1,0,1,'2007-05-03 09:36:48',0,1,'2014-07-02 17:51:00','cfa30b84-2700-102b-80cb-0017a47871b2');
INSERT INTO `program_workflow_state` (`program_workflow_state_id`,`program_workflow_id`,`concept_id`,`initial`,`terminal`,`creator`,`date_created`,`retired`,`changed_by`,`date_changed`,`uuid`) VALUES (280,9,1981,1,0,1,'2007-05-03 09:36:51',0,1,'2014-07-02 17:51:00','cfa30cd8-2700-102b-80cb-0017a47871b2');
INSERT INTO `program_workflow_state` (`program_workflow_state_id`,`program_workflow_id`,`concept_id`,`initial`,`terminal`,`creator`,`date_created`,`retired`,`changed_by`,`date_changed`,`uuid`) VALUES (281,9,1982,1,0,1,'2007-05-03 09:36:55',0,1,'2014-07-02 17:51:00','cfa30e18-2700-102b-80cb-0017a47871b2');
INSERT INTO `program_workflow_state` (`program_workflow_state_id`,`program_workflow_id`,`concept_id`,`initial`,`terminal`,`creator`,`date_created`,`retired`,`changed_by`,`date_changed`,`uuid`) VALUES (282,9,1983,1,0,1,'2007-05-03 09:36:57',0,1,'2014-07-02 17:51:00','cfa31232-2700-102b-80cb-0017a47871b2');
INSERT INTO `program_workflow_state` (`program_workflow_state_id`,`program_workflow_id`,`concept_id`,`initial`,`terminal`,`creator`,`date_created`,`retired`,`changed_by`,`date_changed`,`uuid`) VALUES (283,9,1984,1,0,1,'2007-05-03 09:37:02',0,1,'2014-07-02 17:51:00','cfa31390-2700-102b-80cb-0017a47871b2');
INSERT INTO `program_workflow_state` (`program_workflow_state_id`,`program_workflow_id`,`concept_id`,`initial`,`terminal`,`creator`,`date_created`,`retired`,`changed_by`,`date_changed`,`uuid`) VALUES (284,9,1985,1,0,1,'2007-05-03 09:37:04',0,1,'2014-07-02 17:51:00','cfa314e4-2700-102b-80cb-0017a47871b2');
INSERT INTO `program_workflow_state` (`program_workflow_state_id`,`program_workflow_id`,`concept_id`,`initial`,`terminal`,`creator`,`date_created`,`retired`,`changed_by`,`date_changed`,`uuid`) VALUES (285,9,1986,1,0,1,'2007-05-03 09:37:07',0,1,'2014-07-02 17:51:00','cfa31642-2700-102b-80cb-0017a47871b2');
INSERT INTO `program_workflow_state` (`program_workflow_state_id`,`program_workflow_id`,`concept_id`,`initial`,`terminal`,`creator`,`date_created`,`retired`,`changed_by`,`date_changed`,`uuid`) VALUES (286,9,1987,1,0,1,'2007-05-03 09:37:09',0,1,'2014-07-02 17:51:00','cfa31796-2700-102b-80cb-0017a47871b2');
INSERT INTO `program_workflow_state` (`program_workflow_state_id`,`program_workflow_id`,`concept_id`,`initial`,`terminal`,`creator`,`date_created`,`retired`,`changed_by`,`date_changed`,`uuid`) VALUES (287,9,1988,1,0,1,'2007-05-03 09:37:14',0,1,'2014-07-02 17:51:00','cfa318f4-2700-102b-80cb-0017a47871b2');
INSERT INTO `program_workflow_state` (`program_workflow_state_id`,`program_workflow_id`,`concept_id`,`initial`,`terminal`,`creator`,`date_created`,`retired`,`changed_by`,`date_changed`,`uuid`) VALUES (288,9,1989,1,0,1,'2007-05-03 09:37:16',0,1,'2014-07-02 17:51:00','cfa31a48-2700-102b-80cb-0017a47871b2');
INSERT INTO `program_workflow_state` (`program_workflow_state_id`,`program_workflow_id`,`concept_id`,`initial`,`terminal`,`creator`,`date_created`,`retired`,`changed_by`,`date_changed`,`uuid`) VALUES (289,9,1990,1,0,1,'2007-05-03 09:37:18',0,1,'2014-07-02 17:51:00','cfa31b9c-2700-102b-80cb-0017a47871b2');
INSERT INTO `program_workflow_state` (`program_workflow_state_id`,`program_workflow_id`,`concept_id`,`initial`,`terminal`,`creator`,`date_created`,`retired`,`changed_by`,`date_changed`,`uuid`) VALUES (290,9,1992,1,0,1,'2007-05-03 09:37:28',0,1,'2014-07-02 17:51:00','cfa31cf0-2700-102b-80cb-0017a47871b2');
INSERT INTO `program_workflow_state` (`program_workflow_state_id`,`program_workflow_id`,`concept_id`,`initial`,`terminal`,`creator`,`date_created`,`retired`,`changed_by`,`date_changed`,`uuid`) VALUES (291,9,1993,1,0,1,'2007-05-03 09:37:40',0,1,'2014-07-02 17:51:00','cfa31e4e-2700-102b-80cb-0017a47871b2');
INSERT INTO `program_workflow_state` (`program_workflow_state_id`,`program_workflow_id`,`concept_id`,`initial`,`terminal`,`creator`,`date_created`,`retired`,`changed_by`,`date_changed`,`uuid`) VALUES (292,9,1994,1,0,1,'2007-05-03 09:37:52',0,1,'2014-07-02 17:51:00','cfa31fa2-2700-102b-80cb-0017a47871b2');
INSERT INTO `program_workflow_state` (`program_workflow_state_id`,`program_workflow_id`,`concept_id`,`initial`,`terminal`,`creator`,`date_created`,`retired`,`changed_by`,`date_changed`,`uuid`) VALUES (293,9,1995,1,0,1,'2007-05-03 09:38:01',0,1,'2014-07-02 17:51:00','cfa320f6-2700-102b-80cb-0017a47871b2');
INSERT INTO `program_workflow_state` (`program_workflow_state_id`,`program_workflow_id`,`concept_id`,`initial`,`terminal`,`creator`,`date_created`,`retired`,`changed_by`,`date_changed`,`uuid`) VALUES (294,9,1996,1,0,1,'2007-05-03 09:38:05',0,1,'2014-07-02 17:51:01','cfa32254-2700-102b-80cb-0017a47871b2');
INSERT INTO `program_workflow_state` (`program_workflow_state_id`,`program_workflow_id`,`concept_id`,`initial`,`terminal`,`creator`,`date_created`,`retired`,`changed_by`,`date_changed`,`uuid`) VALUES (295,9,1997,1,0,1,'2007-05-03 09:38:14',0,1,'2014-07-02 17:51:01','cfa323a8-2700-102b-80cb-0017a47871b2');
INSERT INTO `program_workflow_state` (`program_workflow_state_id`,`program_workflow_id`,`concept_id`,`initial`,`terminal`,`creator`,`date_created`,`retired`,`changed_by`,`date_changed`,`uuid`) VALUES (296,9,1998,1,0,1,'2007-05-03 09:38:18',0,1,'2014-07-02 17:51:01','cfa324fc-2700-102b-80cb-0017a47871b2');
INSERT INTO `program_workflow_state` (`program_workflow_state_id`,`program_workflow_id`,`concept_id`,`initial`,`terminal`,`creator`,`date_created`,`retired`,`changed_by`,`date_changed`,`uuid`) VALUES (297,9,1999,1,0,1,'2007-05-03 09:38:20',0,1,'2014-07-02 17:51:01','cfa3265a-2700-102b-80cb-0017a47871b2');
INSERT INTO `program_workflow_state` (`program_workflow_state_id`,`program_workflow_id`,`concept_id`,`initial`,`terminal`,`creator`,`date_created`,`retired`,`changed_by`,`date_changed`,`uuid`) VALUES (298,9,2000,1,0,1,'2007-05-03 09:38:27',0,1,'2014-07-02 17:51:01','cfa327a4-2700-102b-80cb-0017a47871b2');
INSERT INTO `program_workflow_state` (`program_workflow_state_id`,`program_workflow_id`,`concept_id`,`initial`,`terminal`,`creator`,`date_created`,`retired`,`changed_by`,`date_changed`,`uuid`) VALUES (299,9,2001,1,0,1,'2007-05-03 09:38:57',0,1,'2014-07-02 17:51:01','cfa32902-2700-102b-80cb-0017a47871b2');
INSERT INTO `program_workflow_state` (`program_workflow_state_id`,`program_workflow_id`,`concept_id`,`initial`,`terminal`,`creator`,`date_created`,`retired`,`changed_by`,`date_changed`,`uuid`) VALUES (300,9,1944,1,0,1,'2007-05-03 09:39:27',0,1,'2014-07-02 17:51:01','cfa32a56-2700-102b-80cb-0017a47871b2');
INSERT INTO `program_workflow_state` (`program_workflow_state_id`,`program_workflow_id`,`concept_id`,`initial`,`terminal`,`creator`,`date_created`,`retired`,`changed_by`,`date_changed`,`uuid`) VALUES (301,9,1991,1,0,1,'2007-05-03 09:39:40',0,1,'2014-07-02 17:51:01','cfa32baa-2700-102b-80cb-0017a47871b2');
INSERT INTO `program_workflow_state` (`program_workflow_state_id`,`program_workflow_id`,`concept_id`,`initial`,`terminal`,`creator`,`date_created`,`retired`,`changed_by`,`date_changed`,`uuid`) VALUES (302,9,1946,1,0,1,'2007-05-03 09:42:02',0,1,'2014-07-02 17:51:01','cfa32d08-2700-102b-80cb-0017a47871b2');
INSERT INTO `program_workflow_state` (`program_workflow_state_id`,`program_workflow_id`,`concept_id`,`initial`,`terminal`,`creator`,`date_created`,`retired`,`changed_by`,`date_changed`,`uuid`) VALUES (303,9,1950,1,0,1,'2007-05-03 10:00:03',0,1,'2014-07-02 17:51:01','cfa32e5c-2700-102b-80cb-0017a47871b2');
INSERT INTO `program_workflow_state` (`program_workflow_state_id`,`program_workflow_id`,`concept_id`,`initial`,`terminal`,`creator`,`date_created`,`retired`,`changed_by`,`date_changed`,`uuid`) VALUES (304,10,2003,1,0,1,'2007-05-03 10:05:43',0,NULL,NULL,'cfa32fb0-2700-102b-80cb-0017a47871b2');
INSERT INTO `program_workflow_state` (`program_workflow_state_id`,`program_workflow_id`,`concept_id`,`initial`,`terminal`,`creator`,`date_created`,`retired`,`changed_by`,`date_changed`,`uuid`) VALUES (305,10,1744,0,1,1,'2007-05-03 10:05:45',0,NULL,NULL,'cfa34fb8-2700-102b-80cb-0017a47871b2');
INSERT INTO `program_workflow_state` (`program_workflow_state_id`,`program_workflow_id`,`concept_id`,`initial`,`terminal`,`creator`,`date_created`,`retired`,`changed_by`,`date_changed`,`uuid`) VALUES (306,10,1949,1,0,1,'2007-05-03 10:05:47',0,NULL,NULL,'cfa35116-2700-102b-80cb-0017a47871b2');
INSERT INTO `program_workflow_state` (`program_workflow_state_id`,`program_workflow_id`,`concept_id`,`initial`,`terminal`,`creator`,`date_created`,`retired`,`changed_by`,`date_changed`,`uuid`) VALUES (307,10,1714,0,1,1,'2007-05-03 10:05:48',0,NULL,NULL,'cfa3526a-2700-102b-80cb-0017a47871b2');
INSERT INTO `program_workflow_state` (`program_workflow_state_id`,`program_workflow_id`,`concept_id`,`initial`,`terminal`,`creator`,`date_created`,`retired`,`changed_by`,`date_changed`,`uuid`) VALUES (308,10,2002,1,0,1,'2007-05-03 10:05:53',0,NULL,NULL,'cfa353c8-2700-102b-80cb-0017a47871b2');
INSERT INTO `program_workflow_state` (`program_workflow_state_id`,`program_workflow_id`,`concept_id`,`initial`,`terminal`,`creator`,`date_created`,`retired`,`changed_by`,`date_changed`,`uuid`) VALUES (309,10,1742,0,1,1,'2007-05-03 10:06:10',0,NULL,NULL,'cfa3551c-2700-102b-80cb-0017a47871b2');
INSERT INTO `program_workflow_state` (`program_workflow_state_id`,`program_workflow_id`,`concept_id`,`initial`,`terminal`,`creator`,`date_created`,`retired`,`changed_by`,`date_changed`,`uuid`) VALUES (310,10,1743,0,1,1,'2007-05-03 10:07:49',0,NULL,NULL,'cfa3567a-2700-102b-80cb-0017a47871b2');
INSERT INTO `program_workflow_state` (`program_workflow_state_id`,`program_workflow_id`,`concept_id`,`initial`,`terminal`,`creator`,`date_created`,`retired`,`changed_by`,`date_changed`,`uuid`) VALUES (311,9,2007,1,0,1,'2007-05-03 11:23:12',0,1,'2014-07-02 17:51:01','cfa357ce-2700-102b-80cb-0017a47871b2');
INSERT INTO `program_workflow_state` (`program_workflow_state_id`,`program_workflow_id`,`concept_id`,`initial`,`terminal`,`creator`,`date_created`,`retired`,`changed_by`,`date_changed`,`uuid`) VALUES (312,9,2453,1,0,1,'2007-06-18 11:45:26',0,1,'2014-07-02 17:51:01','cfa35922-2700-102b-80cb-0017a47871b2');
INSERT INTO `program_workflow_state` (`program_workflow_state_id`,`program_workflow_id`,`concept_id`,`initial`,`terminal`,`creator`,`date_created`,`retired`,`changed_by`,`date_changed`,`uuid`) VALUES (313,7,1954,1,0,1,'2007-07-02 11:53:10',0,1,'2012-06-07 15:15:03','cfa35a80-2700-102b-80cb-0017a47871b2');
INSERT INTO `program_workflow_state` (`program_workflow_state_id`,`program_workflow_id`,`concept_id`,`initial`,`terminal`,`creator`,`date_created`,`retired`,`changed_by`,`date_changed`,`uuid`) VALUES (315,9,2513,1,0,1,'2007-07-30 10:07:55',0,1,'2014-07-02 17:51:01','cfa35bca-2700-102b-80cb-0017a47871b2');
INSERT INTO `program_workflow_state` (`program_workflow_state_id`,`program_workflow_id`,`concept_id`,`initial`,`terminal`,`creator`,`date_created`,`retired`,`changed_by`,`date_changed`,`uuid`) VALUES (331,9,2682,1,0,1,'2007-09-30 16:47:13',0,1,'2014-07-02 17:51:01','cfa35d28-2700-102b-80cb-0017a47871b2');
INSERT INTO `program_workflow_state` (`program_workflow_state_id`,`program_workflow_id`,`concept_id`,`initial`,`terminal`,`creator`,`date_created`,`retired`,`changed_by`,`date_changed`,`uuid`) VALUES (332,19,1577,1,0,1,'2007-10-29 22:33:56',0,1,'2012-06-07 15:14:53','cfa35ea4-2700-102b-80cb-0017a47871b2');
INSERT INTO `program_workflow_state` (`program_workflow_state_id`,`program_workflow_id`,`concept_id`,`initial`,`terminal`,`creator`,`date_created`,`retired`,`changed_by`,`date_changed`,`uuid`) VALUES (333,19,1490,1,0,1,'2007-10-29 22:33:56',0,1,'2012-06-07 15:14:53','cfa35ff8-2700-102b-80cb-0017a47871b2');
INSERT INTO `program_workflow_state` (`program_workflow_state_id`,`program_workflow_id`,`concept_id`,`initial`,`terminal`,`creator`,`date_created`,`retired`,`changed_by`,`date_changed`,`uuid`) VALUES (334,19,1742,0,1,1,'2007-10-29 22:33:56',0,1,'2012-06-07 15:14:53','cfa36156-2700-102b-80cb-0017a47871b2');
INSERT INTO `program_workflow_state` (`program_workflow_state_id`,`program_workflow_id`,`concept_id`,`initial`,`terminal`,`creator`,`date_created`,`retired`,`changed_by`,`date_changed`,`uuid`) VALUES (335,19,1744,0,1,1,'2007-10-29 22:33:56',0,1,'2012-06-07 15:14:53','cfa362b4-2700-102b-80cb-0017a47871b2');
INSERT INTO `program_workflow_state` (`program_workflow_state_id`,`program_workflow_id`,`concept_id`,`initial`,`terminal`,`creator`,`date_created`,`retired`,`changed_by`,`date_changed`,`uuid`) VALUES (336,19,1743,0,1,1,'2007-10-29 22:33:56',0,1,'2012-06-07 15:14:53','cfa36408-2700-102b-80cb-0017a47871b2');
INSERT INTO `program_workflow_state` (`program_workflow_state_id`,`program_workflow_id`,`concept_id`,`initial`,`terminal`,`creator`,`date_created`,`retired`,`changed_by`,`date_changed`,`uuid`) VALUES (337,19,1483,0,1,1,'2007-10-29 22:33:56',0,1,'2012-06-07 15:14:53','cfa3655c-2700-102b-80cb-0017a47871b2');
INSERT INTO `program_workflow_state` (`program_workflow_state_id`,`program_workflow_id`,`concept_id`,`initial`,`terminal`,`creator`,`date_created`,`retired`,`changed_by`,`date_changed`,`uuid`) VALUES (338,9,2745,1,0,1,'2007-11-12 17:30:56',0,1,'2014-07-02 17:51:01','cfa366b0-2700-102b-80cb-0017a47871b2');
INSERT INTO `program_workflow_state` (`program_workflow_state_id`,`program_workflow_id`,`concept_id`,`initial`,`terminal`,`creator`,`date_created`,`retired`,`changed_by`,`date_changed`,`uuid`) VALUES (339,9,2746,1,0,1,'2007-11-13 10:22:04',0,1,'2014-07-02 17:51:01','cfa3680e-2700-102b-80cb-0017a47871b2');
INSERT INTO `program_workflow_state` (`program_workflow_state_id`,`program_workflow_id`,`concept_id`,`initial`,`terminal`,`creator`,`date_created`,`retired`,`changed_by`,`date_changed`,`uuid`) VALUES (341,9,2748,1,0,1,'2007-11-13 10:35:39',0,1,'2014-07-02 17:51:01','cfa36ab6-2700-102b-80cb-0017a47871b2');
INSERT INTO `program_workflow_state` (`program_workflow_state_id`,`program_workflow_id`,`concept_id`,`initial`,`terminal`,`creator`,`date_created`,`retired`,`changed_by`,`date_changed`,`uuid`) VALUES (342,9,2747,1,0,1,'2007-11-13 10:36:14',0,1,'2014-07-02 17:51:01','cfa37682-2700-102b-80cb-0017a47871b2');
INSERT INTO `program_workflow_state` (`program_workflow_state_id`,`program_workflow_id`,`concept_id`,`initial`,`terminal`,`creator`,`date_created`,`retired`,`changed_by`,`date_changed`,`uuid`) VALUES (343,9,2749,1,0,1,'2007-11-13 10:37:43',0,1,'2014-07-02 17:51:01','cfa377d6-2700-102b-80cb-0017a47871b2');
INSERT INTO `program_workflow_state` (`program_workflow_state_id`,`program_workflow_id`,`concept_id`,`initial`,`terminal`,`creator`,`date_created`,`retired`,`changed_by`,`date_changed`,`uuid`) VALUES (344,9,2750,1,0,1,'2007-11-13 10:44:19',0,1,'2014-07-02 17:51:01','cfa3792a-2700-102b-80cb-0017a47871b2');
INSERT INTO `program_workflow_state` (`program_workflow_state_id`,`program_workflow_id`,`concept_id`,`initial`,`terminal`,`creator`,`date_created`,`retired`,`changed_by`,`date_changed`,`uuid`) VALUES (345,9,2751,1,0,1,'2007-11-13 10:47:49',0,1,'2014-07-02 17:51:01','cfa37a7e-2700-102b-80cb-0017a47871b2');
INSERT INTO `program_workflow_state` (`program_workflow_state_id`,`program_workflow_id`,`concept_id`,`initial`,`terminal`,`creator`,`date_created`,`retired`,`changed_by`,`date_changed`,`uuid`) VALUES (346,9,2752,1,0,1,'2007-11-13 10:48:56',0,1,'2014-07-02 17:51:01','cfa37bd2-2700-102b-80cb-0017a47871b2');
INSERT INTO `program_workflow_state` (`program_workflow_state_id`,`program_workflow_id`,`concept_id`,`initial`,`terminal`,`creator`,`date_created`,`retired`,`changed_by`,`date_changed`,`uuid`) VALUES (347,9,2753,1,0,1,'2007-11-13 10:51:56',0,1,'2014-07-02 17:51:01','cfa39c16-2700-102b-80cb-0017a47871b2');
INSERT INTO `program_workflow_state` (`program_workflow_state_id`,`program_workflow_id`,`concept_id`,`initial`,`terminal`,`creator`,`date_created`,`retired`,`changed_by`,`date_changed`,`uuid`) VALUES (348,9,2754,1,0,1,'2007-11-13 10:52:57',0,1,'2014-07-02 17:51:01','cfa39d74-2700-102b-80cb-0017a47871b2');
INSERT INTO `program_workflow_state` (`program_workflow_state_id`,`program_workflow_id`,`concept_id`,`initial`,`terminal`,`creator`,`date_created`,`retired`,`changed_by`,`date_changed`,`uuid`) VALUES (349,9,2755,1,0,1,'2007-11-14 11:13:13',0,1,'2014-07-02 17:51:01','cfa39ed2-2700-102b-80cb-0017a47871b2');
INSERT INTO `program_workflow_state` (`program_workflow_state_id`,`program_workflow_id`,`concept_id`,`initial`,`terminal`,`creator`,`date_created`,`retired`,`changed_by`,`date_changed`,`uuid`) VALUES (350,9,2756,1,0,1,'2007-11-14 11:14:11',0,1,'2014-07-02 17:51:02','cfa3a026-2700-102b-80cb-0017a47871b2');
INSERT INTO `program_workflow_state` (`program_workflow_state_id`,`program_workflow_id`,`concept_id`,`initial`,`terminal`,`creator`,`date_created`,`retired`,`changed_by`,`date_changed`,`uuid`) VALUES (351,9,2769,1,0,1,'2007-11-14 11:15:17',0,1,'2014-07-02 17:51:02','cfa3a17a-2700-102b-80cb-0017a47871b2');
INSERT INTO `program_workflow_state` (`program_workflow_state_id`,`program_workflow_id`,`concept_id`,`initial`,`terminal`,`creator`,`date_created`,`retired`,`changed_by`,`date_changed`,`uuid`) VALUES (352,9,2757,1,0,1,'2007-11-14 11:16:41',0,1,'2014-07-02 17:51:02','cfa3a2ce-2700-102b-80cb-0017a47871b2');
INSERT INTO `program_workflow_state` (`program_workflow_state_id`,`program_workflow_id`,`concept_id`,`initial`,`terminal`,`creator`,`date_created`,`retired`,`changed_by`,`date_changed`,`uuid`) VALUES (353,9,2758,1,0,1,'2007-11-14 11:17:36',0,1,'2014-07-02 17:51:02','cfa3a422-2700-102b-80cb-0017a47871b2');
INSERT INTO `program_workflow_state` (`program_workflow_state_id`,`program_workflow_id`,`concept_id`,`initial`,`terminal`,`creator`,`date_created`,`retired`,`changed_by`,`date_changed`,`uuid`) VALUES (354,9,2759,1,0,1,'2007-11-14 11:18:48',0,1,'2014-07-02 17:51:02','cfa3a576-2700-102b-80cb-0017a47871b2');
INSERT INTO `program_workflow_state` (`program_workflow_state_id`,`program_workflow_id`,`concept_id`,`initial`,`terminal`,`creator`,`date_created`,`retired`,`changed_by`,`date_changed`,`uuid`) VALUES (355,9,2760,1,0,1,'2007-11-14 11:20:17',0,1,'2014-07-02 17:51:02','cfa3a6d4-2700-102b-80cb-0017a47871b2');
INSERT INTO `program_workflow_state` (`program_workflow_state_id`,`program_workflow_id`,`concept_id`,`initial`,`terminal`,`creator`,`date_created`,`retired`,`changed_by`,`date_changed`,`uuid`) VALUES (356,9,2761,1,0,1,'2007-11-14 11:21:47',0,1,'2014-07-02 17:51:02','cfa3a81e-2700-102b-80cb-0017a47871b2');
INSERT INTO `program_workflow_state` (`program_workflow_state_id`,`program_workflow_id`,`concept_id`,`initial`,`terminal`,`creator`,`date_created`,`retired`,`changed_by`,`date_changed`,`uuid`) VALUES (357,9,2762,1,0,1,'2007-11-14 11:27:10',0,1,'2014-07-02 17:51:02','cfa3a97c-2700-102b-80cb-0017a47871b2');
INSERT INTO `program_workflow_state` (`program_workflow_state_id`,`program_workflow_id`,`concept_id`,`initial`,`terminal`,`creator`,`date_created`,`retired`,`changed_by`,`date_changed`,`uuid`) VALUES (358,9,2763,1,0,1,'2007-11-14 11:28:08',0,1,'2014-07-02 17:51:02','cfa3aad0-2700-102b-80cb-0017a47871b2');
INSERT INTO `program_workflow_state` (`program_workflow_state_id`,`program_workflow_id`,`concept_id`,`initial`,`terminal`,`creator`,`date_created`,`retired`,`changed_by`,`date_changed`,`uuid`) VALUES (359,9,2764,1,0,1,'2007-11-14 11:29:45',0,1,'2014-07-02 17:51:02','cfa3ac38-2700-102b-80cb-0017a47871b2');
INSERT INTO `program_workflow_state` (`program_workflow_state_id`,`program_workflow_id`,`concept_id`,`initial`,`terminal`,`creator`,`date_created`,`retired`,`changed_by`,`date_changed`,`uuid`) VALUES (360,9,2765,1,0,1,'2007-11-14 11:30:43',0,1,'2014-07-02 17:51:02','cfa3ada0-2700-102b-80cb-0017a47871b2');
INSERT INTO `program_workflow_state` (`program_workflow_state_id`,`program_workflow_id`,`concept_id`,`initial`,`terminal`,`creator`,`date_created`,`retired`,`changed_by`,`date_changed`,`uuid`) VALUES (361,9,2766,1,0,1,'2007-11-14 11:31:46',0,1,'2014-07-02 17:51:02','cfa3aef4-2700-102b-80cb-0017a47871b2');
INSERT INTO `program_workflow_state` (`program_workflow_state_id`,`program_workflow_id`,`concept_id`,`initial`,`terminal`,`creator`,`date_created`,`retired`,`changed_by`,`date_changed`,`uuid`) VALUES (362,9,2767,1,0,1,'2007-11-14 11:33:09',0,1,'2014-07-02 17:51:02','cfa3b05c-2700-102b-80cb-0017a47871b2');
INSERT INTO `program_workflow_state` (`program_workflow_state_id`,`program_workflow_id`,`concept_id`,`initial`,`terminal`,`creator`,`date_created`,`retired`,`changed_by`,`date_changed`,`uuid`) VALUES (363,9,2770,1,0,1,'2007-11-14 11:34:07',0,1,'2014-07-02 17:51:02','cfa3b1b0-2700-102b-80cb-0017a47871b2');
INSERT INTO `program_workflow_state` (`program_workflow_state_id`,`program_workflow_id`,`concept_id`,`initial`,`terminal`,`creator`,`date_created`,`retired`,`changed_by`,`date_changed`,`uuid`) VALUES (364,9,2768,1,0,1,'2007-11-15 15:00:37',0,1,'2014-07-02 17:51:02','cfa3b304-2700-102b-80cb-0017a47871b2');
INSERT INTO `program_workflow_state` (`program_workflow_state_id`,`program_workflow_id`,`concept_id`,`initial`,`terminal`,`creator`,`date_created`,`retired`,`changed_by`,`date_changed`,`uuid`) VALUES (365,9,2683,1,0,1,'2007-11-20 10:45:52',0,1,'2014-07-02 17:51:02','cfa3b458-2700-102b-80cb-0017a47871b2');
INSERT INTO `program_workflow_state` (`program_workflow_state_id`,`program_workflow_id`,`concept_id`,`initial`,`terminal`,`creator`,`date_created`,`retired`,`changed_by`,`date_changed`,`uuid`) VALUES (366,9,2684,1,0,1,'2007-11-21 14:38:44',0,1,'2014-07-02 17:51:02','cfa3b5ac-2700-102b-80cb-0017a47871b2');
INSERT INTO `program_workflow_state` (`program_workflow_state_id`,`program_workflow_id`,`concept_id`,`initial`,`terminal`,`creator`,`date_created`,`retired`,`changed_by`,`date_changed`,`uuid`) VALUES (367,9,2882,1,0,1,'2008-01-24 12:54:32',0,1,'2014-07-02 17:51:02','cfa3b700-2700-102b-80cb-0017a47871b2');
INSERT INTO `program_workflow_state` (`program_workflow_state_id`,`program_workflow_id`,`concept_id`,`initial`,`terminal`,`creator`,`date_created`,`retired`,`changed_by`,`date_changed`,`uuid`) VALUES (368,9,2883,1,0,1,'2008-02-26 15:59:51',0,1,'2014-07-02 17:51:02','4aaf6c3f-6d49-4380-b495-b951e9487486');
INSERT INTO `program_workflow_state` (`program_workflow_state_id`,`program_workflow_id`,`concept_id`,`initial`,`terminal`,`creator`,`date_created`,`retired`,`changed_by`,`date_changed`,`uuid`) VALUES (369,9,2884,1,0,1,'2008-02-26 16:00:50',0,1,'2014-07-02 17:51:02','da2b6f1e-2df3-4c87-90b4-a97702d96ac2');
INSERT INTO `program_workflow_state` (`program_workflow_state_id`,`program_workflow_id`,`concept_id`,`initial`,`terminal`,`creator`,`date_created`,`retired`,`changed_by`,`date_changed`,`uuid`) VALUES (370,9,2885,1,0,1,'2008-02-26 16:00:50',0,1,'2014-07-02 17:51:02','0f5a72b8-c30b-437c-b0af-8597c4046e64');
INSERT INTO `program_workflow_state` (`program_workflow_state_id`,`program_workflow_id`,`concept_id`,`initial`,`terminal`,`creator`,`date_created`,`retired`,`changed_by`,`date_changed`,`uuid`) VALUES (371,9,2886,1,0,1,'2008-02-26 16:00:50',0,1,'2014-07-02 17:51:02','2ea3b295-563a-4cb7-9a2c-4f0156bb5a0d');
INSERT INTO `program_workflow_state` (`program_workflow_state_id`,`program_workflow_id`,`concept_id`,`initial`,`terminal`,`creator`,`date_created`,`retired`,`changed_by`,`date_changed`,`uuid`) VALUES (372,9,2887,1,0,1,'2008-02-26 16:00:50',0,1,'2014-07-02 17:51:02','c3d556e4-c091-47e8-8804-e96aeec7313e');
INSERT INTO `program_workflow_state` (`program_workflow_state_id`,`program_workflow_id`,`concept_id`,`initial`,`terminal`,`creator`,`date_created`,`retired`,`changed_by`,`date_changed`,`uuid`) VALUES (373,20,1999,1,0,6,'2008-05-18 18:16:52',0,1,'2012-06-07 15:14:53','cbf68d2c-6bd3-4e10-838f-68d7e5673824');
INSERT INTO `program_workflow_state` (`program_workflow_state_id`,`program_workflow_id`,`concept_id`,`initial`,`terminal`,`creator`,`date_created`,`retired`,`changed_by`,`date_changed`,`uuid`) VALUES (374,20,1968,1,0,6,'2008-05-18 18:16:52',0,1,'2012-06-07 15:14:53','4f5f3d2c-8251-49bd-904f-a7418d88b4ba');
INSERT INTO `program_workflow_state` (`program_workflow_state_id`,`program_workflow_id`,`concept_id`,`initial`,`terminal`,`creator`,`date_created`,`retired`,`changed_by`,`date_changed`,`uuid`) VALUES (375,20,1961,1,0,6,'2008-05-18 18:16:52',0,1,'2012-06-07 15:14:53','79da7b30-66c0-4b2f-9cb0-1d40b00fc296');
INSERT INTO `program_workflow_state` (`program_workflow_state_id`,`program_workflow_id`,`concept_id`,`initial`,`terminal`,`creator`,`date_created`,`retired`,`changed_by`,`date_changed`,`uuid`) VALUES (376,20,1952,1,0,6,'2008-05-18 18:16:52',0,1,'2012-06-07 15:14:53','8c215efa-356f-4b3e-a30a-da1b8a5300ba');
INSERT INTO `program_workflow_state` (`program_workflow_state_id`,`program_workflow_id`,`concept_id`,`initial`,`terminal`,`creator`,`date_created`,`retired`,`changed_by`,`date_changed`,`uuid`) VALUES (377,20,1991,1,0,6,'2008-05-18 18:16:52',0,1,'2012-06-07 15:14:53','47eb1b5d-e6a3-48f5-a7c4-ced897e10116');
INSERT INTO `program_workflow_state` (`program_workflow_state_id`,`program_workflow_id`,`concept_id`,`initial`,`terminal`,`creator`,`date_created`,`retired`,`changed_by`,`date_changed`,`uuid`) VALUES (378,20,1998,1,0,6,'2008-05-18 18:16:52',0,1,'2012-06-07 15:14:53','5aa3e32d-dbca-4f48-8331-423c65cb78f0');
INSERT INTO `program_workflow_state` (`program_workflow_state_id`,`program_workflow_id`,`concept_id`,`initial`,`terminal`,`creator`,`date_created`,`retired`,`changed_by`,`date_changed`,`uuid`) VALUES (379,20,1960,1,0,6,'2008-05-18 18:16:52',0,1,'2012-06-07 15:14:53','ff026114-38b8-42c8-84c6-cb02a1d200dc');
INSERT INTO `program_workflow_state` (`program_workflow_state_id`,`program_workflow_id`,`concept_id`,`initial`,`terminal`,`creator`,`date_created`,`retired`,`changed_by`,`date_changed`,`uuid`) VALUES (380,20,2000,1,0,6,'2008-05-18 18:16:52',0,1,'2012-06-07 15:14:53','cafb1bc6-3ba1-489a-9aed-0f09849009d3');
INSERT INTO `program_workflow_state` (`program_workflow_state_id`,`program_workflow_id`,`concept_id`,`initial`,`terminal`,`creator`,`date_created`,`retired`,`changed_by`,`date_changed`,`uuid`) VALUES (381,19,1710,1,0,6,'2008-05-18 20:59:39',0,1,'2012-06-07 15:14:53','34196238-772d-4996-80cf-f8e9a299254b');
INSERT INTO `program_workflow_state` (`program_workflow_state_id`,`program_workflow_id`,`concept_id`,`initial`,`terminal`,`creator`,`date_created`,`retired`,`changed_by`,`date_changed`,`uuid`) VALUES (382,19,1708,1,0,6,'2008-05-18 20:59:39',0,1,'2012-06-07 15:14:53','6b2b7e70-f8b2-48c0-b3ea-6162cf3fd50e');
INSERT INTO `program_workflow_state` (`program_workflow_state_id`,`program_workflow_id`,`concept_id`,`initial`,`terminal`,`creator`,`date_created`,`retired`,`changed_by`,`date_changed`,`uuid`) VALUES (383,19,1485,1,0,6,'2008-05-18 20:59:39',0,1,'2012-06-07 15:14:53','0c94aa8f-c786-48ec-8750-a3ebc29500a7');
INSERT INTO `program_workflow_state` (`program_workflow_state_id`,`program_workflow_id`,`concept_id`,`initial`,`terminal`,`creator`,`date_created`,`retired`,`changed_by`,`date_changed`,`uuid`) VALUES (384,19,1574,1,0,6,'2008-05-18 20:59:39',0,1,'2012-06-07 15:14:53','88b717c0-f580-497a-8d2b-026b60dd6bfd');
INSERT INTO `program_workflow_state` (`program_workflow_state_id`,`program_workflow_id`,`concept_id`,`initial`,`terminal`,`creator`,`date_created`,`retired`,`changed_by`,`date_changed`,`uuid`) VALUES (385,19,1579,0,1,6,'2008-05-18 20:59:39',0,1,'2012-06-07 15:14:53','1fb59974-917d-4c07-9944-a31abf4392ed');
INSERT INTO `program_workflow_state` (`program_workflow_state_id`,`program_workflow_id`,`concept_id`,`initial`,`terminal`,`creator`,`date_created`,`retired`,`changed_by`,`date_changed`,`uuid`) VALUES (386,9,2897,1,0,1,'2008-07-10 15:36:03',0,1,'2014-07-02 17:51:03','a4bb851a-9d44-427c-8a00-fd190fdfa362');
INSERT INTO `program_workflow_state` (`program_workflow_state_id`,`program_workflow_id`,`concept_id`,`initial`,`terminal`,`creator`,`date_created`,`retired`,`changed_by`,`date_changed`,`uuid`) VALUES (387,9,2898,1,0,1,'2008-07-10 15:36:03',0,1,'2014-07-02 17:51:04','401e9112-edb2-4a37-bc22-18d9f78e4d7a');
INSERT INTO `program_workflow_state` (`program_workflow_state_id`,`program_workflow_id`,`concept_id`,`initial`,`terminal`,`creator`,`date_created`,`retired`,`changed_by`,`date_changed`,`uuid`) VALUES (388,9,2899,1,0,1,'2008-07-10 15:36:03',0,1,'2014-07-02 17:51:04','2892ad3a-9a9d-4ae0-9fc0-822ae887be2d');
INSERT INTO `program_workflow_state` (`program_workflow_state_id`,`program_workflow_id`,`concept_id`,`initial`,`terminal`,`creator`,`date_created`,`retired`,`changed_by`,`date_changed`,`uuid`) VALUES (389,9,2900,1,0,1,'2008-07-10 15:36:03',0,1,'2014-07-02 17:51:03','980e3c37-9f80-4e26-8ba2-b77d339c7c0d');
INSERT INTO `program_workflow_state` (`program_workflow_state_id`,`program_workflow_id`,`concept_id`,`initial`,`terminal`,`creator`,`date_created`,`retired`,`changed_by`,`date_changed`,`uuid`) VALUES (390,9,2901,1,0,1,'2008-07-10 15:36:03',0,1,'2014-07-02 17:51:04','1bc4311e-7638-4000-be1e-110f81985381');
INSERT INTO `program_workflow_state` (`program_workflow_state_id`,`program_workflow_id`,`concept_id`,`initial`,`terminal`,`creator`,`date_created`,`retired`,`changed_by`,`date_changed`,`uuid`) VALUES (391,9,2902,1,0,1,'2008-07-10 15:36:03',0,1,'2014-07-02 17:51:04','470585ed-ebfb-4fb8-bcbc-8a547bc57a43');
INSERT INTO `program_workflow_state` (`program_workflow_state_id`,`program_workflow_id`,`concept_id`,`initial`,`terminal`,`creator`,`date_created`,`retired`,`changed_by`,`date_changed`,`uuid`) VALUES (392,9,2896,1,1,1,'2008-07-10 15:36:25',0,1,'2014-07-02 17:51:04','821b2bac-8724-4e65-a033-59f2015fec49');
INSERT INTO `program_workflow_state` (`program_workflow_state_id`,`program_workflow_id`,`concept_id`,`initial`,`terminal`,`creator`,`date_created`,`retired`,`changed_by`,`date_changed`,`uuid`) VALUES (393,9,2903,1,0,1,'2008-07-10 16:33:17',0,1,'2014-07-02 17:51:04','9a3d31c7-a9cf-4f60-a3ce-b23f9f95bb75');
INSERT INTO `program_workflow_state` (`program_workflow_state_id`,`program_workflow_id`,`concept_id`,`initial`,`terminal`,`creator`,`date_created`,`retired`,`changed_by`,`date_changed`,`uuid`) VALUES (394,9,2904,1,0,1,'2008-07-10 16:33:17',0,1,'2014-07-02 17:51:04','a22c85e9-a55d-43b1-8f4d-7c1a691e568b');
INSERT INTO `program_workflow_state` (`program_workflow_state_id`,`program_workflow_id`,`concept_id`,`initial`,`terminal`,`creator`,`date_created`,`retired`,`changed_by`,`date_changed`,`uuid`) VALUES (395,9,2905,1,0,1,'2008-07-10 16:33:17',0,1,'2014-07-02 17:51:04','1803ba5c-4668-487e-8b66-5c724e5ecc02');
INSERT INTO `program_workflow_state` (`program_workflow_state_id`,`program_workflow_id`,`concept_id`,`initial`,`terminal`,`creator`,`date_created`,`retired`,`changed_by`,`date_changed`,`uuid`) VALUES (396,9,2906,1,0,1,'2008-07-10 16:33:17',0,1,'2014-07-02 17:51:04','1747e246-5224-49c8-bc27-6b33fda44d85');
INSERT INTO `program_workflow_state` (`program_workflow_state_id`,`program_workflow_id`,`concept_id`,`initial`,`terminal`,`creator`,`date_created`,`retired`,`changed_by`,`date_changed`,`uuid`) VALUES (397,9,2907,1,0,1,'2008-07-10 16:33:17',0,1,'2014-07-02 17:51:04','b0e58769-df71-4598-9633-f93b85c895f0');
INSERT INTO `program_workflow_state` (`program_workflow_state_id`,`program_workflow_id`,`concept_id`,`initial`,`terminal`,`creator`,`date_created`,`retired`,`changed_by`,`date_changed`,`uuid`) VALUES (398,20,1943,1,0,1,'2008-07-17 13:00:12',0,1,'2012-06-07 15:14:53','9ebd5a27-5d04-45e5-9029-8abb638087aa');
INSERT INTO `program_workflow_state` (`program_workflow_state_id`,`program_workflow_id`,`concept_id`,`initial`,`terminal`,`creator`,`date_created`,`retired`,`changed_by`,`date_changed`,`uuid`) VALUES (399,9,2896,1,0,1,'2008-07-10 10:42:26',0,1,'2014-07-02 17:51:03','ae6d8033-d728-4315-8e3f-7abefb237a4c');
INSERT INTO `program_workflow_state` (`program_workflow_state_id`,`program_workflow_id`,`concept_id`,`initial`,`terminal`,`creator`,`date_created`,`retired`,`changed_by`,`date_changed`,`uuid`) VALUES (400,9,3146,1,0,1,'2008-07-10 10:42:26',0,1,'2014-07-02 17:51:03','ad2d797b-e5de-4510-94cc-920a548945e3');
INSERT INTO `program_workflow_state` (`program_workflow_state_id`,`program_workflow_id`,`concept_id`,`initial`,`terminal`,`creator`,`date_created`,`retired`,`changed_by`,`date_changed`,`uuid`) VALUES (401,9,3147,1,0,1,'2008-07-10 10:42:26',0,1,'2014-07-02 17:51:02','c492dd97-8a30-440f-8c29-56f87b052546');
INSERT INTO `program_workflow_state` (`program_workflow_state_id`,`program_workflow_id`,`concept_id`,`initial`,`terminal`,`creator`,`date_created`,`retired`,`changed_by`,`date_changed`,`uuid`) VALUES (402,9,3148,1,0,1,'2008-07-10 10:42:26',0,1,'2014-07-02 17:51:02','878ef765-0ae0-4048-a5d5-113ca0549d99');
INSERT INTO `program_workflow_state` (`program_workflow_state_id`,`program_workflow_id`,`concept_id`,`initial`,`terminal`,`creator`,`date_created`,`retired`,`changed_by`,`date_changed`,`uuid`) VALUES (403,9,3149,1,0,1,'2008-07-10 10:42:26',0,1,'2014-07-02 17:51:03','99306985-a0c2-4501-a9dc-6a75fa4c9633');
INSERT INTO `program_workflow_state` (`program_workflow_state_id`,`program_workflow_id`,`concept_id`,`initial`,`terminal`,`creator`,`date_created`,`retired`,`changed_by`,`date_changed`,`uuid`) VALUES (404,9,3150,1,0,1,'2008-07-10 10:42:26',0,1,'2014-07-02 17:51:03','9b8a20d0-fc4c-42bb-b31f-60550f09c603');
INSERT INTO `program_workflow_state` (`program_workflow_state_id`,`program_workflow_id`,`concept_id`,`initial`,`terminal`,`creator`,`date_created`,`retired`,`changed_by`,`date_changed`,`uuid`) VALUES (405,9,3151,1,0,1,'2008-07-10 10:42:26',0,1,'2014-07-02 17:51:03','c968b791-ebab-44c0-98d9-0c2d961d63b0');
INSERT INTO `program_workflow_state` (`program_workflow_state_id`,`program_workflow_id`,`concept_id`,`initial`,`terminal`,`creator`,`date_created`,`retired`,`changed_by`,`date_changed`,`uuid`) VALUES (406,9,3152,1,0,1,'2008-07-10 10:42:26',0,1,'2014-07-02 17:51:03','9681e7f1-8e4e-4ab3-8d3b-9bac23a44ce7');
INSERT INTO `program_workflow_state` (`program_workflow_state_id`,`program_workflow_id`,`concept_id`,`initial`,`terminal`,`creator`,`date_created`,`retired`,`changed_by`,`date_changed`,`uuid`) VALUES (407,9,3153,1,0,1,'2008-07-10 10:42:26',0,1,'2014-07-02 17:51:03','79973f3d-b03d-4edd-b2d3-2386918ec22e');
INSERT INTO `program_workflow_state` (`program_workflow_state_id`,`program_workflow_id`,`concept_id`,`initial`,`terminal`,`creator`,`date_created`,`retired`,`changed_by`,`date_changed`,`uuid`) VALUES (408,9,3154,1,0,1,'2008-07-10 10:42:26',0,1,'2014-07-02 17:51:03','115499bf-0ca9-4cc5-9786-2290c0e14ef0');
INSERT INTO `program_workflow_state` (`program_workflow_state_id`,`program_workflow_id`,`concept_id`,`initial`,`terminal`,`creator`,`date_created`,`retired`,`changed_by`,`date_changed`,`uuid`) VALUES (409,9,3155,1,0,1,'2008-07-10 10:42:26',0,1,'2014-07-02 17:51:03','79a1a478-73e8-4500-a87c-0c5dd63111b4');
INSERT INTO `program_workflow_state` (`program_workflow_state_id`,`program_workflow_id`,`concept_id`,`initial`,`terminal`,`creator`,`date_created`,`retired`,`changed_by`,`date_changed`,`uuid`) VALUES (410,9,3156,1,0,1,'2008-07-10 10:42:26',0,1,'2014-07-02 17:51:03','5ab13b6b-edf1-41b6-a053-a426a2d37b65');
INSERT INTO `program_workflow_state` (`program_workflow_state_id`,`program_workflow_id`,`concept_id`,`initial`,`terminal`,`creator`,`date_created`,`retired`,`changed_by`,`date_changed`,`uuid`) VALUES (411,9,3157,1,0,1,'2008-07-10 10:42:26',0,1,'2014-07-02 17:51:03','74a13b33-9ca6-454c-855c-3616cea04b4c');
INSERT INTO `program_workflow_state` (`program_workflow_state_id`,`program_workflow_id`,`concept_id`,`initial`,`terminal`,`creator`,`date_created`,`retired`,`changed_by`,`date_changed`,`uuid`) VALUES (412,9,3158,1,0,1,'2008-07-10 10:42:26',0,1,'2014-07-02 17:51:03','2b26e48c-95f2-430e-a844-5dbf3daa633e');
INSERT INTO `program_workflow_state` (`program_workflow_state_id`,`program_workflow_id`,`concept_id`,`initial`,`terminal`,`creator`,`date_created`,`retired`,`changed_by`,`date_changed`,`uuid`) VALUES (413,9,3159,1,0,1,'2008-07-10 10:42:26',0,1,'2014-07-02 17:51:03','bf6b47d8-6217-403c-9d8d-8f76b21fb139');
INSERT INTO `program_workflow_state` (`program_workflow_state_id`,`program_workflow_id`,`concept_id`,`initial`,`terminal`,`creator`,`date_created`,`retired`,`changed_by`,`date_changed`,`uuid`) VALUES (414,9,3160,1,0,1,'2008-07-10 10:42:26',0,1,'2014-07-02 17:51:03','4beb6e9b-ce9c-4eff-aef7-36ee377498b3');
INSERT INTO `program_workflow_state` (`program_workflow_state_id`,`program_workflow_id`,`concept_id`,`initial`,`terminal`,`creator`,`date_created`,`retired`,`changed_by`,`date_changed`,`uuid`) VALUES (415,9,3161,1,0,1,'2008-07-10 10:42:26',0,1,'2014-07-02 17:51:03','2f3632c3-c436-44a1-b58a-97241363297c');
INSERT INTO `program_workflow_state` (`program_workflow_state_id`,`program_workflow_id`,`concept_id`,`initial`,`terminal`,`creator`,`date_created`,`retired`,`changed_by`,`date_changed`,`uuid`) VALUES (416,9,3163,1,0,1,'2008-07-10 10:42:26',0,1,'2014-07-02 17:51:03','bced2d64-8406-48ff-856e-b572e240783c');
INSERT INTO `program_workflow_state` (`program_workflow_state_id`,`program_workflow_id`,`concept_id`,`initial`,`terminal`,`creator`,`date_created`,`retired`,`changed_by`,`date_changed`,`uuid`) VALUES (417,9,3162,1,0,1,'2008-07-10 10:42:26',0,1,'2014-07-02 17:51:03','37f07998-900b-4b84-b633-af63f5f14b14');
INSERT INTO `program_workflow_state` (`program_workflow_state_id`,`program_workflow_id`,`concept_id`,`initial`,`terminal`,`creator`,`date_created`,`retired`,`changed_by`,`date_changed`,`uuid`) VALUES (418,9,3164,1,0,1,'2008-07-10 10:42:26',0,1,'2014-07-02 17:51:03','1ebc629e-f620-4ffc-909f-8f0eea41c41b');
INSERT INTO `program_workflow_state` (`program_workflow_state_id`,`program_workflow_id`,`concept_id`,`initial`,`terminal`,`creator`,`date_created`,`retired`,`changed_by`,`date_changed`,`uuid`) VALUES (419,9,3165,1,0,1,'2008-07-10 10:42:26',0,1,'2014-07-02 17:51:03','cff923a3-5107-4992-8b16-5adf9c44872c');
INSERT INTO `program_workflow_state` (`program_workflow_state_id`,`program_workflow_id`,`concept_id`,`initial`,`terminal`,`creator`,`date_created`,`retired`,`changed_by`,`date_changed`,`uuid`) VALUES (420,9,3166,1,0,1,'2008-07-10 10:42:26',0,1,'2014-07-02 17:51:03','764af67f-6211-4d91-ab6d-b76033ee2c76');
INSERT INTO `program_workflow_state` (`program_workflow_state_id`,`program_workflow_id`,`concept_id`,`initial`,`terminal`,`creator`,`date_created`,`retired`,`changed_by`,`date_changed`,`uuid`) VALUES (421,9,3167,1,0,1,'2008-07-10 10:42:26',0,1,'2014-07-02 17:51:03','ba169092-7f1b-4623-98f3-a7a842d7ac3e');
INSERT INTO `program_workflow_state` (`program_workflow_state_id`,`program_workflow_id`,`concept_id`,`initial`,`terminal`,`creator`,`date_created`,`retired`,`changed_by`,`date_changed`,`uuid`) VALUES (422,9,3168,1,0,1,'2008-07-10 10:42:26',0,1,'2014-07-02 17:51:03','656c13f9-4e69-4aaa-9e9b-f2267f7bbdaf');
INSERT INTO `program_workflow_state` (`program_workflow_state_id`,`program_workflow_id`,`concept_id`,`initial`,`terminal`,`creator`,`date_created`,`retired`,`changed_by`,`date_changed`,`uuid`) VALUES (423,9,3169,1,0,1,'2008-07-10 10:42:26',0,1,'2014-07-02 17:51:03','06b4f137-5ed9-4f54-9849-f7534bdd2c9f');
INSERT INTO `program_workflow_state` (`program_workflow_state_id`,`program_workflow_id`,`concept_id`,`initial`,`terminal`,`creator`,`date_created`,`retired`,`changed_by`,`date_changed`,`uuid`) VALUES (424,9,3170,1,0,1,'2008-07-10 10:42:26',0,1,'2014-07-02 17:51:03','df9321f5-0cc7-44b1-bf2b-91bfbc98ab50');
INSERT INTO `program_workflow_state` (`program_workflow_state_id`,`program_workflow_id`,`concept_id`,`initial`,`terminal`,`creator`,`date_created`,`retired`,`changed_by`,`date_changed`,`uuid`) VALUES (425,9,3537,1,0,1,'2008-08-06 16:42:29',0,1,'2014-07-02 17:51:04','6d353af5-9254-4614-a534-a9dc8e5e23a7');
INSERT INTO `program_workflow_state` (`program_workflow_state_id`,`program_workflow_id`,`concept_id`,`initial`,`terminal`,`creator`,`date_created`,`retired`,`changed_by`,`date_changed`,`uuid`) VALUES (426,9,3538,1,0,1,'2008-08-06 16:42:29',0,1,'2014-07-02 17:51:04','a72bcc46-1673-4485-8487-479b63cc0677');
INSERT INTO `program_workflow_state` (`program_workflow_state_id`,`program_workflow_id`,`concept_id`,`initial`,`terminal`,`creator`,`date_created`,`retired`,`changed_by`,`date_changed`,`uuid`) VALUES (427,9,3539,1,0,1,'2008-08-06 16:42:29',0,1,'2014-07-02 17:51:04','f4d2e26a-83bf-409e-b2b7-d555c3c33c43');
INSERT INTO `program_workflow_state` (`program_workflow_state_id`,`program_workflow_id`,`concept_id`,`initial`,`terminal`,`creator`,`date_created`,`retired`,`changed_by`,`date_changed`,`uuid`) VALUES (428,9,3540,1,0,1,'2008-08-06 16:42:29',0,1,'2014-07-02 17:51:04','c9196bb4-2ee2-4523-a87c-d18ace8d1f07');
INSERT INTO `program_workflow_state` (`program_workflow_state_id`,`program_workflow_id`,`concept_id`,`initial`,`terminal`,`creator`,`date_created`,`retired`,`changed_by`,`date_changed`,`uuid`) VALUES (429,9,3541,1,0,1,'2008-08-06 16:42:29',0,1,'2014-07-02 17:51:04','8045d128-ee65-470b-996c-4da50bc9b5d3');
INSERT INTO `program_workflow_state` (`program_workflow_state_id`,`program_workflow_id`,`concept_id`,`initial`,`terminal`,`creator`,`date_created`,`retired`,`changed_by`,`date_changed`,`uuid`) VALUES (430,9,3542,1,0,1,'2008-08-06 16:42:29',0,1,'2014-07-02 17:51:04','d46dc559-afda-4c48-91bc-d356ed24d679');
INSERT INTO `program_workflow_state` (`program_workflow_state_id`,`program_workflow_id`,`concept_id`,`initial`,`terminal`,`creator`,`date_created`,`retired`,`changed_by`,`date_changed`,`uuid`) VALUES (431,9,2908,1,0,1,'2008-08-06 17:22:54',0,1,'2014-07-02 17:51:04','2a2853d8-88bb-4c63-abf9-048ba27c7609');
INSERT INTO `program_workflow_state` (`program_workflow_state_id`,`program_workflow_id`,`concept_id`,`initial`,`terminal`,`creator`,`date_created`,`retired`,`changed_by`,`date_changed`,`uuid`) VALUES (432,9,2909,1,0,1,'2008-08-06 17:22:54',0,1,'2014-07-02 17:51:04','35c252d2-f630-473e-9fcb-581ad2d0bb36');
INSERT INTO `program_workflow_state` (`program_workflow_state_id`,`program_workflow_id`,`concept_id`,`initial`,`terminal`,`creator`,`date_created`,`retired`,`changed_by`,`date_changed`,`uuid`) VALUES (433,9,2910,1,0,1,'2008-08-06 17:22:54',0,1,'2014-07-02 17:51:04','18915936-e4ba-46ef-bc05-38b21ce2126f');
INSERT INTO `program_workflow_state` (`program_workflow_state_id`,`program_workflow_id`,`concept_id`,`initial`,`terminal`,`creator`,`date_created`,`retired`,`changed_by`,`date_changed`,`uuid`) VALUES (434,10,3655,1,0,1,'2008-09-26 15:45:46',0,NULL,NULL,'55b6263b-ed6e-4a8e-b048-533bea3273a7');
INSERT INTO `program_workflow_state` (`program_workflow_state_id`,`program_workflow_id`,`concept_id`,`initial`,`terminal`,`creator`,`date_created`,`retired`,`changed_by`,`date_changed`,`uuid`) VALUES (435,10,3656,1,0,1,'2008-09-26 15:45:46',0,NULL,NULL,'f70b7394-4de5-498e-b577-b9f5d915c106');
INSERT INTO `program_workflow_state` (`program_workflow_state_id`,`program_workflow_id`,`concept_id`,`initial`,`terminal`,`creator`,`date_created`,`retired`,`changed_by`,`date_changed`,`uuid`) VALUES (446,9,3543,1,0,1,'2009-03-05 16:29:52',0,1,'2014-07-02 17:51:04','32214d11-266a-47ab-81c1-01edeb23dc3d');
INSERT INTO `program_workflow_state` (`program_workflow_state_id`,`program_workflow_id`,`concept_id`,`initial`,`terminal`,`creator`,`date_created`,`retired`,`changed_by`,`date_changed`,`uuid`) VALUES (447,9,3544,1,0,1,'2009-03-05 16:29:52',0,1,'2014-07-02 17:51:04','4cb208d8-ed6d-469a-9932-2f4d832dbec7');
INSERT INTO `program_workflow_state` (`program_workflow_state_id`,`program_workflow_id`,`concept_id`,`initial`,`terminal`,`creator`,`date_created`,`retired`,`changed_by`,`date_changed`,`uuid`) VALUES (448,9,3545,1,0,1,'2009-03-05 16:29:52',0,1,'2014-07-02 17:51:04','7b70da97-f218-4a9a-904a-ce4f2ab23bc7');
INSERT INTO `program_workflow_state` (`program_workflow_state_id`,`program_workflow_id`,`concept_id`,`initial`,`terminal`,`creator`,`date_created`,`retired`,`changed_by`,`date_changed`,`uuid`) VALUES (449,9,3546,1,0,1,'2009-03-05 16:29:52',0,1,'2014-07-02 17:51:04','d8fd813b-8bee-4658-97ab-ede338ba2540');
INSERT INTO `program_workflow_state` (`program_workflow_state_id`,`program_workflow_id`,`concept_id`,`initial`,`terminal`,`creator`,`date_created`,`retired`,`changed_by`,`date_changed`,`uuid`) VALUES (465,20,2781,1,0,1,'2009-04-02 10:30:10',0,1,'2012-06-07 15:14:53','a2233a29-039c-44b0-8ec5-33736924d2b7');
INSERT INTO `program_workflow_state` (`program_workflow_state_id`,`program_workflow_id`,`concept_id`,`initial`,`terminal`,`creator`,`date_created`,`retired`,`changed_by`,`date_changed`,`uuid`) VALUES (466,20,2782,1,0,1,'2009-04-02 10:31:02',0,1,'2012-06-07 15:14:53','92d65872-6aed-4d62-88ea-a18515fab6d1');
INSERT INTO `program_workflow_state` (`program_workflow_state_id`,`program_workflow_id`,`concept_id`,`initial`,`terminal`,`creator`,`date_created`,`retired`,`changed_by`,`date_changed`,`uuid`) VALUES (467,20,2783,1,0,1,'2009-04-02 10:31:16',0,1,'2012-06-07 15:14:53','0e9367ad-0c64-434f-ab09-1091426ddd00');
INSERT INTO `program_workflow_state` (`program_workflow_state_id`,`program_workflow_id`,`concept_id`,`initial`,`terminal`,`creator`,`date_created`,`retired`,`changed_by`,`date_changed`,`uuid`) VALUES (468,20,2784,1,0,1,'2009-04-02 10:32:39',0,1,'2012-06-07 15:14:53','e0cc09e8-5d4f-466b-94ab-5fc0bb3821ad');
INSERT INTO `program_workflow_state` (`program_workflow_state_id`,`program_workflow_id`,`concept_id`,`initial`,`terminal`,`creator`,`date_created`,`retired`,`changed_by`,`date_changed`,`uuid`) VALUES (469,20,2785,1,0,1,'2009-04-02 10:32:39',0,1,'2012-06-07 15:14:53','6eeee22a-4b28-4335-9a71-9fba12eff227');
INSERT INTO `program_workflow_state` (`program_workflow_state_id`,`program_workflow_id`,`concept_id`,`initial`,`terminal`,`creator`,`date_created`,`retired`,`changed_by`,`date_changed`,`uuid`) VALUES (470,20,2786,1,0,1,'2009-04-02 10:32:39',0,1,'2012-06-07 15:14:53','abdfacdd-cf99-428f-b498-94363726cfe4');
INSERT INTO `program_workflow_state` (`program_workflow_state_id`,`program_workflow_id`,`concept_id`,`initial`,`terminal`,`creator`,`date_created`,`retired`,`changed_by`,`date_changed`,`uuid`) VALUES (471,20,2787,1,0,1,'2009-04-02 10:32:39',0,1,'2012-06-07 15:14:53','de560a8b-9a50-47cf-8388-c43a1d59e76f');
INSERT INTO `program_workflow_state` (`program_workflow_state_id`,`program_workflow_id`,`concept_id`,`initial`,`terminal`,`creator`,`date_created`,`retired`,`changed_by`,`date_changed`,`uuid`) VALUES (472,20,2788,1,0,1,'2009-04-02 10:32:39',0,1,'2012-06-07 15:14:53','b81f67aa-1c45-422c-907c-da125209a7bd');
INSERT INTO `program_workflow_state` (`program_workflow_state_id`,`program_workflow_id`,`concept_id`,`initial`,`terminal`,`creator`,`date_created`,`retired`,`changed_by`,`date_changed`,`uuid`) VALUES (473,20,2789,1,0,1,'2009-04-02 10:32:39',0,1,'2012-06-07 15:14:53','38597087-b8c0-40d8-8476-6c4439b22df8');
INSERT INTO `program_workflow_state` (`program_workflow_state_id`,`program_workflow_id`,`concept_id`,`initial`,`terminal`,`creator`,`date_created`,`retired`,`changed_by`,`date_changed`,`uuid`) VALUES (474,20,2790,1,0,1,'2009-04-02 10:32:39',0,1,'2012-06-07 15:14:53','efa02752-7b1f-4c8c-a5e1-94b8b7f5934c');
INSERT INTO `program_workflow_state` (`program_workflow_state_id`,`program_workflow_id`,`concept_id`,`initial`,`terminal`,`creator`,`date_created`,`retired`,`changed_by`,`date_changed`,`uuid`) VALUES (475,20,2791,1,0,1,'2009-04-02 10:32:39',0,1,'2012-06-07 15:14:53','ff1958a7-4be6-4c10-96d2-cff944847cfd');
INSERT INTO `program_workflow_state` (`program_workflow_state_id`,`program_workflow_id`,`concept_id`,`initial`,`terminal`,`creator`,`date_created`,`retired`,`changed_by`,`date_changed`,`uuid`) VALUES (476,20,2792,1,0,1,'2009-04-02 10:32:39',0,1,'2012-06-07 15:14:53','6763a885-d610-404e-8011-4d70cbe9d3aa');
INSERT INTO `program_workflow_state` (`program_workflow_state_id`,`program_workflow_id`,`concept_id`,`initial`,`terminal`,`creator`,`date_created`,`retired`,`changed_by`,`date_changed`,`uuid`) VALUES (477,20,2793,1,0,1,'2009-04-02 10:32:39',0,1,'2012-06-07 15:14:53','daca95a1-aaeb-4382-847c-b3604ffec075');
INSERT INTO `program_workflow_state` (`program_workflow_state_id`,`program_workflow_id`,`concept_id`,`initial`,`terminal`,`creator`,`date_created`,`retired`,`changed_by`,`date_changed`,`uuid`) VALUES (478,20,2794,1,0,1,'2009-04-02 10:32:39',0,1,'2012-06-07 15:14:53','66ac4d13-625e-4ed2-a8e6-4b2485bc1622');
INSERT INTO `program_workflow_state` (`program_workflow_state_id`,`program_workflow_id`,`concept_id`,`initial`,`terminal`,`creator`,`date_created`,`retired`,`changed_by`,`date_changed`,`uuid`) VALUES (479,22,1446,1,0,1,'2009-04-02 11:50:59',0,1,'2014-07-02 17:50:58','86f45d62-6e3a-41fa-acbd-55eb4c26a278');
INSERT INTO `program_workflow_state` (`program_workflow_state_id`,`program_workflow_id`,`concept_id`,`initial`,`terminal`,`creator`,`date_created`,`retired`,`changed_by`,`date_changed`,`uuid`) VALUES (480,20,2795,1,0,1,'2009-04-05 16:45:35',0,1,'2012-06-07 15:14:53','7d65499c-8db7-4259-82d2-6027d6fa3496');
INSERT INTO `program_workflow_state` (`program_workflow_state_id`,`program_workflow_id`,`concept_id`,`initial`,`terminal`,`creator`,`date_created`,`retired`,`changed_by`,`date_changed`,`uuid`) VALUES (481,20,2796,1,0,1,'2009-04-05 16:46:45',0,1,'2012-06-07 15:14:53','db2dfc4b-5725-4526-955b-f94dd86eb235');
INSERT INTO `program_workflow_state` (`program_workflow_state_id`,`program_workflow_id`,`concept_id`,`initial`,`terminal`,`creator`,`date_created`,`retired`,`changed_by`,`date_changed`,`uuid`) VALUES (482,22,3490,0,1,1,'2009-04-08 11:10:44',0,1,'2014-07-02 17:50:58','62f5a8f9-fc58-48ee-bccc-13cb01bb1bd9');
INSERT INTO `program_workflow_state` (`program_workflow_state_id`,`program_workflow_id`,`concept_id`,`initial`,`terminal`,`creator`,`date_created`,`retired`,`changed_by`,`date_changed`,`uuid`) VALUES (483,19,3490,0,1,1,'2009-04-08 11:11:10',0,1,'2012-06-07 15:14:53','abac151e-efe7-4354-93fb-7f706e831715');
INSERT INTO `program_workflow_state` (`program_workflow_state_id`,`program_workflow_id`,`concept_id`,`initial`,`terminal`,`creator`,`date_created`,`retired`,`changed_by`,`date_changed`,`uuid`) VALUES (496,24,1490,1,0,6,'2009-04-17 09:25:51',0,1,'2012-06-07 15:13:05','2a5fde13-2800-47a2-b284-5fe8c78741f4');
INSERT INTO `program_workflow_state` (`program_workflow_state_id`,`program_workflow_id`,`concept_id`,`initial`,`terminal`,`creator`,`date_created`,`retired`,`changed_by`,`date_changed`,`uuid`) VALUES (506,22,6217,1,0,6,'2009-04-17 09:30:18',0,1,'2012-06-07 15:13:05','0d7f8c64-4d53-4a8c-a3c7-ec8d9c77edc3');
INSERT INTO `program_workflow_state` (`program_workflow_state_id`,`program_workflow_id`,`concept_id`,`initial`,`terminal`,`creator`,`date_created`,`retired`,`changed_by`,`date_changed`,`uuid`) VALUES (508,22,1639,0,1,6,'2009-04-17 09:30:18',0,1,'2012-06-07 15:13:05','d1bda1d0-40be-4e9b-a15f-6b14fefaaf21');
INSERT INTO `program_workflow_state` (`program_workflow_state_id`,`program_workflow_id`,`concept_id`,`initial`,`terminal`,`creator`,`date_created`,`retired`,`changed_by`,`date_changed`,`uuid`) VALUES (509,22,5240,0,1,6,'2009-04-17 09:30:18',0,1,'2012-06-07 15:13:05','b9f5c875-66cd-4205-ac31-5eb3e771dd84');
INSERT INTO `program_workflow_state` (`program_workflow_state_id`,`program_workflow_id`,`concept_id`,`initial`,`terminal`,`creator`,`date_created`,`retired`,`changed_by`,`date_changed`,`uuid`) VALUES (510,22,1742,0,1,6,'2009-04-17 09:30:18',0,1,'2012-06-07 15:13:05','93fec029-bdaa-4105-a459-88359c2d643d');
INSERT INTO `program_workflow_state` (`program_workflow_state_id`,`program_workflow_id`,`concept_id`,`initial`,`terminal`,`creator`,`date_created`,`retired`,`changed_by`,`date_changed`,`uuid`) VALUES (512,23,6233,1,0,6,'2009-04-17 09:33:24',0,1,'2012-06-07 15:13:05','215fe8f6-d9ed-459b-bfe8-b0ebf7d38aa1');
INSERT INTO `program_workflow_state` (`program_workflow_state_id`,`program_workflow_id`,`concept_id`,`initial`,`terminal`,`creator`,`date_created`,`retired`,`changed_by`,`date_changed`,`uuid`) VALUES (513,23,6234,1,0,6,'2009-04-17 09:33:24',0,1,'2012-06-07 15:13:05','03304e1a-9e74-463c-9651-04ea66a980a4');
INSERT INTO `program_workflow_state` (`program_workflow_state_id`,`program_workflow_id`,`concept_id`,`initial`,`terminal`,`creator`,`date_created`,`retired`,`changed_by`,`date_changed`,`uuid`) VALUES (514,9,6119,1,0,1,'2009-04-27 13:35:54',0,1,'2014-07-02 17:51:05','38acd40b-1524-4251-bce1-39810db36718');
INSERT INTO `program_workflow_state` (`program_workflow_state_id`,`program_workflow_id`,`concept_id`,`initial`,`terminal`,`creator`,`date_created`,`retired`,`changed_by`,`date_changed`,`uuid`) VALUES (515,9,6120,1,0,1,'2009-04-27 13:35:54',0,1,'2014-07-02 17:51:05','b05d4c39-fcf0-4685-a7f3-08e17b0c9815');
INSERT INTO `program_workflow_state` (`program_workflow_state_id`,`program_workflow_id`,`concept_id`,`initial`,`terminal`,`creator`,`date_created`,`retired`,`changed_by`,`date_changed`,`uuid`) VALUES (516,9,6121,1,0,1,'2009-04-27 13:35:54',0,1,'2014-07-02 17:51:05','559f06d1-85eb-42ef-8ee9-9e2ea33bb117');
INSERT INTO `program_workflow_state` (`program_workflow_state_id`,`program_workflow_id`,`concept_id`,`initial`,`terminal`,`creator`,`date_created`,`retired`,`changed_by`,`date_changed`,`uuid`) VALUES (517,9,6122,1,0,1,'2009-04-27 13:35:54',0,1,'2014-07-02 17:51:05','0ed033c6-73b6-426f-a520-0aaa01fa90a4');
INSERT INTO `program_workflow_state` (`program_workflow_state_id`,`program_workflow_id`,`concept_id`,`initial`,`terminal`,`creator`,`date_created`,`retired`,`changed_by`,`date_changed`,`uuid`) VALUES (518,9,6123,1,0,1,'2009-04-27 13:35:54',0,1,'2014-07-02 17:51:05','551df09e-8002-44f7-8357-eba2e5bbe0ab');
INSERT INTO `program_workflow_state` (`program_workflow_state_id`,`program_workflow_id`,`concept_id`,`initial`,`terminal`,`creator`,`date_created`,`retired`,`changed_by`,`date_changed`,`uuid`) VALUES (519,9,2911,1,0,1,'2009-04-27 13:35:54',0,1,'2014-07-02 17:51:05','6bd5a280-6536-49e4-8f26-225fb2dd4bd7');
INSERT INTO `program_workflow_state` (`program_workflow_state_id`,`program_workflow_id`,`concept_id`,`initial`,`terminal`,`creator`,`date_created`,`retired`,`changed_by`,`date_changed`,`uuid`) VALUES (520,9,2912,1,0,1,'2009-04-27 13:35:54',0,1,'2014-07-02 17:51:04','3faf32b5-dd8b-40d2-a895-a388b6d393cd');
INSERT INTO `program_workflow_state` (`program_workflow_state_id`,`program_workflow_id`,`concept_id`,`initial`,`terminal`,`creator`,`date_created`,`retired`,`changed_by`,`date_changed`,`uuid`) VALUES (521,9,2913,1,0,1,'2009-04-27 13:35:54',0,1,'2014-07-02 17:51:04','9ceba908-5921-43ae-8690-404e3507af9c');
INSERT INTO `program_workflow_state` (`program_workflow_state_id`,`program_workflow_id`,`concept_id`,`initial`,`terminal`,`creator`,`date_created`,`retired`,`changed_by`,`date_changed`,`uuid`) VALUES (522,9,2914,1,0,1,'2009-04-27 13:35:54',0,1,'2014-07-02 17:51:05','211d4c3b-3891-48fa-bf79-1d716ace64c2');
INSERT INTO `program_workflow_state` (`program_workflow_state_id`,`program_workflow_id`,`concept_id`,`initial`,`terminal`,`creator`,`date_created`,`retired`,`changed_by`,`date_changed`,`uuid`) VALUES (523,9,2915,1,0,1,'2009-04-27 13:35:54',0,1,'2014-07-02 17:51:05','a43b137f-b927-45a4-babc-bcc5760cc7ed');
INSERT INTO `program_workflow_state` (`program_workflow_state_id`,`program_workflow_id`,`concept_id`,`initial`,`terminal`,`creator`,`date_created`,`retired`,`changed_by`,`date_changed`,`uuid`) VALUES (526,22,1710,0,1,1,'2009-04-27 13:52:37',0,1,'2012-06-07 15:13:05','29992cde-4d1f-4b25-ae3b-920f691b0faa');
INSERT INTO `program_workflow_state` (`program_workflow_state_id`,`program_workflow_id`,`concept_id`,`initial`,`terminal`,`creator`,`date_created`,`retired`,`changed_by`,`date_changed`,`uuid`) VALUES (527,24,6253,1,1,7,'2009-04-30 20:36:46',0,1,'2012-06-07 15:13:05','3fb4ac89-52c3-427c-8127-519f6bb8b6e8');
INSERT INTO `program_workflow_state` (`program_workflow_state_id`,`program_workflow_id`,`concept_id`,`initial`,`terminal`,`creator`,`date_created`,`retired`,`changed_by`,`date_changed`,`uuid`) VALUES (528,24,6254,1,0,7,'2009-04-30 20:36:46',0,1,'2012-06-07 15:13:05','651f5835-f296-430b-a9b0-9ee98ad9a3b5');
INSERT INTO `program_workflow_state` (`program_workflow_state_id`,`program_workflow_id`,`concept_id`,`initial`,`terminal`,`creator`,`date_created`,`retired`,`changed_by`,`date_changed`,`uuid`) VALUES (529,9,6124,1,0,1,'2009-09-28 12:56:42',0,1,'2014-07-02 17:51:05','330a4ef9-153f-4ddb-b012-0c05a1a5b8ef');
INSERT INTO `program_workflow_state` (`program_workflow_state_id`,`program_workflow_id`,`concept_id`,`initial`,`terminal`,`creator`,`date_created`,`retired`,`changed_by`,`date_changed`,`uuid`) VALUES (530,9,6125,1,0,1,'2009-09-28 12:57:51',0,1,'2014-07-02 17:51:05','f0ac509f-8bc7-41b5-83eb-cad8fcd02639');
INSERT INTO `program_workflow_state` (`program_workflow_state_id`,`program_workflow_id`,`concept_id`,`initial`,`terminal`,`creator`,`date_created`,`retired`,`changed_by`,`date_changed`,`uuid`) VALUES (531,9,6126,1,0,1,'2009-09-28 12:58:34',0,1,'2014-07-02 17:51:05','a81b634b-dc4d-41c6-8a5f-b6dd2755f63f');
INSERT INTO `program_workflow_state` (`program_workflow_state_id`,`program_workflow_id`,`concept_id`,`initial`,`terminal`,`creator`,`date_created`,`retired`,`changed_by`,`date_changed`,`uuid`) VALUES (532,9,6127,1,0,1,'2009-09-28 12:59:12',0,1,'2014-07-02 17:51:05','0fad04ea-583c-49b3-a47d-6200f049b1c4');
INSERT INTO `program_workflow_state` (`program_workflow_state_id`,`program_workflow_id`,`concept_id`,`initial`,`terminal`,`creator`,`date_created`,`retired`,`changed_by`,`date_changed`,`uuid`) VALUES (533,9,2916,1,0,1,'2009-12-07 21:13:59',0,1,'2014-07-02 17:51:05','00b45652-4f80-47ef-9620-030a429937e5');
INSERT INTO `program_workflow_state` (`program_workflow_state_id`,`program_workflow_id`,`concept_id`,`initial`,`terminal`,`creator`,`date_created`,`retired`,`changed_by`,`date_changed`,`uuid`) VALUES (534,9,2917,1,0,1,'2009-12-07 21:13:59',0,1,'2014-07-02 17:51:05','655a38a6-011b-46d7-a19e-f03d75ef0629');
INSERT INTO `program_workflow_state` (`program_workflow_state_id`,`program_workflow_id`,`concept_id`,`initial`,`terminal`,`creator`,`date_created`,`retired`,`changed_by`,`date_changed`,`uuid`) VALUES (535,9,2918,1,0,1,'2009-12-07 21:13:59',0,1,'2014-07-02 17:51:05','47b6fc4d-6208-40c8-a57b-98f4b03c63f8');
INSERT INTO `program_workflow_state` (`program_workflow_state_id`,`program_workflow_id`,`concept_id`,`initial`,`terminal`,`creator`,`date_created`,`retired`,`changed_by`,`date_changed`,`uuid`) VALUES (536,9,2919,1,0,1,'2009-12-07 21:13:59',0,1,'2014-07-02 17:51:05','1938f481-5f97-4858-ace2-0e7bf5a0d344');
INSERT INTO `program_workflow_state` (`program_workflow_state_id`,`program_workflow_id`,`concept_id`,`initial`,`terminal`,`creator`,`date_created`,`retired`,`changed_by`,`date_changed`,`uuid`) VALUES (537,9,2920,1,0,1,'2009-12-07 21:13:59',0,1,'2014-07-02 17:51:05','2fee9568-5082-416b-b335-243d611ba9b7');
INSERT INTO `program_workflow_state` (`program_workflow_state_id`,`program_workflow_id`,`concept_id`,`initial`,`terminal`,`creator`,`date_created`,`retired`,`changed_by`,`date_changed`,`uuid`) VALUES (538,9,2921,1,0,1,'2009-12-07 21:13:59',0,1,'2014-07-02 17:51:05','74937a8b-7360-47ee-a5be-2a5571ed1873');
INSERT INTO `program_workflow_state` (`program_workflow_state_id`,`program_workflow_id`,`concept_id`,`initial`,`terminal`,`creator`,`date_created`,`retired`,`changed_by`,`date_changed`,`uuid`) VALUES (539,9,6444,1,0,1,'2010-01-12 13:17:04',0,1,'2014-07-02 17:51:05','2801a2ff-d66d-4e89-8453-db027eddb4ff');
INSERT INTO `program_workflow_state` (`program_workflow_state_id`,`program_workflow_id`,`concept_id`,`initial`,`terminal`,`creator`,`date_created`,`retired`,`changed_by`,`date_changed`,`uuid`) VALUES (540,9,6445,1,0,1,'2010-01-12 13:18:22',0,1,'2014-07-02 17:51:05','c12ad213-a477-47f8-9f84-603b69db77e8');
INSERT INTO `program_workflow_state` (`program_workflow_state_id`,`program_workflow_id`,`concept_id`,`initial`,`terminal`,`creator`,`date_created`,`retired`,`changed_by`,`date_changed`,`uuid`) VALUES (541,9,6446,1,0,1,'2010-01-12 13:37:36',0,1,'2014-07-02 17:51:05','84b363b1-7ddf-4378-9f5e-d0dd7057d9a3');
INSERT INTO `program_workflow_state` (`program_workflow_state_id`,`program_workflow_id`,`concept_id`,`initial`,`terminal`,`creator`,`date_created`,`retired`,`changed_by`,`date_changed`,`uuid`) VALUES (542,9,6447,1,0,1,'2010-01-12 13:37:36',0,1,'2014-07-02 17:51:05','7c29665d-b734-4b44-aaf5-420a87470426');
INSERT INTO `program_workflow_state` (`program_workflow_state_id`,`program_workflow_id`,`concept_id`,`initial`,`terminal`,`creator`,`date_created`,`retired`,`changed_by`,`date_changed`,`uuid`) VALUES (543,9,6448,1,0,1,'2010-01-12 13:37:36',0,1,'2014-07-02 17:51:05','8e7157e5-3190-4ba4-9766-b9e4744154d0');
INSERT INTO `program_workflow_state` (`program_workflow_state_id`,`program_workflow_id`,`concept_id`,`initial`,`terminal`,`creator`,`date_created`,`retired`,`changed_by`,`date_changed`,`uuid`) VALUES (544,9,6449,1,0,1,'2010-01-12 13:37:36',0,1,'2014-07-02 17:51:05','41373403-e406-4a57-810a-c9e958d92995');
INSERT INTO `program_workflow_state` (`program_workflow_state_id`,`program_workflow_id`,`concept_id`,`initial`,`terminal`,`creator`,`date_created`,`retired`,`changed_by`,`date_changed`,`uuid`) VALUES (547,6,1490,1,0,1,'2010-01-12 16:27:42',0,1,'2012-06-07 15:15:03','ac0e8bff-0a46-468c-adfe-885cffa25134');
INSERT INTO `program_workflow_state` (`program_workflow_state_id`,`program_workflow_id`,`concept_id`,`initial`,`terminal`,`creator`,`date_created`,`retired`,`changed_by`,`date_changed`,`uuid`) VALUES (548,25,6655,1,0,1,'2010-02-18 14:45:08',0,1,'2012-06-07 15:14:53','fe91457d-2f0e-4aaf-8f4f-8d66b63f903e');
INSERT INTO `program_workflow_state` (`program_workflow_state_id`,`program_workflow_id`,`concept_id`,`initial`,`terminal`,`creator`,`date_created`,`retired`,`changed_by`,`date_changed`,`uuid`) VALUES (549,25,6654,1,0,1,'2010-02-18 14:45:08',0,1,'2012-06-07 15:14:53','4004766f-0af2-456e-858e-37829fe29cf3');
INSERT INTO `program_workflow_state` (`program_workflow_state_id`,`program_workflow_id`,`concept_id`,`initial`,`terminal`,`creator`,`date_created`,`retired`,`changed_by`,`date_changed`,`uuid`) VALUES (550,26,6659,1,0,1,'2010-02-18 15:08:33',0,1,'2012-06-07 15:14:53','1249dca7-27b6-42cc-bee8-076c0b566e6b');
INSERT INTO `program_workflow_state` (`program_workflow_state_id`,`program_workflow_id`,`concept_id`,`initial`,`terminal`,`creator`,`date_created`,`retired`,`changed_by`,`date_changed`,`uuid`) VALUES (551,26,6660,1,0,1,'2010-02-18 15:08:33',0,1,'2012-06-07 15:14:53','eb72f0c7-cf5b-42e1-8c2b-81142970418c');
INSERT INTO `program_workflow_state` (`program_workflow_state_id`,`program_workflow_id`,`concept_id`,`initial`,`terminal`,`creator`,`date_created`,`retired`,`changed_by`,`date_changed`,`uuid`) VALUES (552,26,6661,1,0,1,'2010-02-18 15:08:33',0,1,'2012-06-07 15:14:53','9b32ed87-3b2f-4e1c-8002-1b4537220e44');
INSERT INTO `program_workflow_state` (`program_workflow_state_id`,`program_workflow_id`,`concept_id`,`initial`,`terminal`,`creator`,`date_created`,`retired`,`changed_by`,`date_changed`,`uuid`) VALUES (553,26,6662,1,0,1,'2010-02-18 15:08:33',0,1,'2012-06-07 15:14:53','8ba1a098-433c-4acf-9ce0-dd594c818f9e');
INSERT INTO `program_workflow_state` (`program_workflow_state_id`,`program_workflow_id`,`concept_id`,`initial`,`terminal`,`creator`,`date_created`,`retired`,`changed_by`,`date_changed`,`uuid`) VALUES (554,26,6663,1,0,1,'2010-02-18 15:08:33',0,1,'2012-06-07 15:14:53','5a63ff41-6840-40a2-873f-a07873d27dac');
INSERT INTO `program_workflow_state` (`program_workflow_state_id`,`program_workflow_id`,`concept_id`,`initial`,`terminal`,`creator`,`date_created`,`retired`,`changed_by`,`date_changed`,`uuid`) VALUES (555,26,6664,1,0,1,'2010-02-19 12:24:09',0,1,'2012-06-07 15:14:53','b1e83dc5-e678-417f-a7f3-50cd1a9ff1f7');
INSERT INTO `program_workflow_state` (`program_workflow_state_id`,`program_workflow_id`,`concept_id`,`initial`,`terminal`,`creator`,`date_created`,`retired`,`changed_by`,`date_changed`,`uuid`) VALUES (556,26,6665,1,0,1,'2010-02-19 19:25:05',0,1,'2012-06-07 15:14:53','204678ba-9493-46db-ac6f-a84ff597b07c');
INSERT INTO `program_workflow_state` (`program_workflow_state_id`,`program_workflow_id`,`concept_id`,`initial`,`terminal`,`creator`,`date_created`,`retired`,`changed_by`,`date_changed`,`uuid`) VALUES (557,26,6666,1,0,1,'2010-02-19 19:25:05',0,1,'2012-06-07 15:14:53','6bde97ae-56c9-4c63-8017-27dd007bbbf3');
INSERT INTO `program_workflow_state` (`program_workflow_state_id`,`program_workflow_id`,`concept_id`,`initial`,`terminal`,`creator`,`date_created`,`retired`,`changed_by`,`date_changed`,`uuid`) VALUES (558,26,6670,1,0,1,'2010-02-19 19:25:05',0,1,'2012-06-07 15:14:53','d5015646-090d-4857-a9ab-369e5b70f35d');
INSERT INTO `program_workflow_state` (`program_workflow_state_id`,`program_workflow_id`,`concept_id`,`initial`,`terminal`,`creator`,`date_created`,`retired`,`changed_by`,`date_changed`,`uuid`) VALUES (559,26,6671,1,0,1,'2010-02-19 19:25:05',0,1,'2012-06-07 15:14:53','8faf3488-12fb-4a73-8753-747467ed1f7f');
INSERT INTO `program_workflow_state` (`program_workflow_state_id`,`program_workflow_id`,`concept_id`,`initial`,`terminal`,`creator`,`date_created`,`retired`,`changed_by`,`date_changed`,`uuid`) VALUES (560,26,6672,1,0,1,'2010-02-19 19:25:05',0,1,'2012-06-07 15:14:53','6b16de09-0387-4184-b4eb-e37b8a9b3f62');
INSERT INTO `program_workflow_state` (`program_workflow_state_id`,`program_workflow_id`,`concept_id`,`initial`,`terminal`,`creator`,`date_created`,`retired`,`changed_by`,`date_changed`,`uuid`) VALUES (561,26,6673,1,0,1,'2010-02-19 19:25:05',0,1,'2012-06-07 15:14:53','9c8717d7-83a0-474f-a613-5b01a4297a04');
INSERT INTO `program_workflow_state` (`program_workflow_state_id`,`program_workflow_id`,`concept_id`,`initial`,`terminal`,`creator`,`date_created`,`retired`,`changed_by`,`date_changed`,`uuid`) VALUES (562,20,6668,0,0,1,'2010-03-15 15:44:05',0,1,'2012-06-07 15:14:53','5d47dd44-bdfb-4875-8d9b-2837eddc8e7a');
INSERT INTO `program_workflow_state` (`program_workflow_state_id`,`program_workflow_id`,`concept_id`,`initial`,`terminal`,`creator`,`date_created`,`retired`,`changed_by`,`date_changed`,`uuid`) VALUES (563,20,6701,1,0,1,'2010-04-01 11:37:56',0,1,'2012-06-07 15:14:53','3719d00f-e61b-44c6-bdcb-18a6474389d2');
INSERT INTO `program_workflow_state` (`program_workflow_state_id`,`program_workflow_id`,`concept_id`,`initial`,`terminal`,`creator`,`date_created`,`retired`,`changed_by`,`date_changed`,`uuid`) VALUES (564,20,6700,1,0,1,'2010-04-01 11:37:56',0,1,'2012-06-07 15:14:53','a63bbe7c-795b-4643-9eaa-caa410c1c2ad');
INSERT INTO `program_workflow_state` (`program_workflow_state_id`,`program_workflow_id`,`concept_id`,`initial`,`terminal`,`creator`,`date_created`,`retired`,`changed_by`,`date_changed`,`uuid`) VALUES (565,27,6752,1,0,7,'2010-05-30 20:43:28',0,1,'2016-02-04 12:05:28','c26ad327-845c-45c3-8fbb-d50bdbd9fd37');
INSERT INTO `program_workflow_state` (`program_workflow_state_id`,`program_workflow_id`,`concept_id`,`initial`,`terminal`,`creator`,`date_created`,`retired`,`changed_by`,`date_changed`,`uuid`) VALUES (566,27,6753,1,0,7,'2010-05-30 20:43:28',0,1,'2016-02-04 12:05:28','86dabace-2f1f-48bd-bd39-411e8fa5d386');
INSERT INTO `program_workflow_state` (`program_workflow_state_id`,`program_workflow_id`,`concept_id`,`initial`,`terminal`,`creator`,`date_created`,`retired`,`changed_by`,`date_changed`,`uuid`) VALUES (567,27,6754,1,0,7,'2010-05-30 20:43:28',0,1,'2016-02-04 12:05:28','804acf26-64d4-4c77-8016-a1fe100608c5');
INSERT INTO `program_workflow_state` (`program_workflow_state_id`,`program_workflow_id`,`concept_id`,`initial`,`terminal`,`creator`,`date_created`,`retired`,`changed_by`,`date_changed`,`uuid`) VALUES (568,28,6755,1,0,7,'2010-05-30 20:46:54',0,1,'2016-02-04 12:05:28','4d1b9bff-c711-4262-9d94-b60e55274396');
INSERT INTO `program_workflow_state` (`program_workflow_state_id`,`program_workflow_id`,`concept_id`,`initial`,`terminal`,`creator`,`date_created`,`retired`,`changed_by`,`date_changed`,`uuid`) VALUES (569,28,6756,1,0,7,'2010-05-30 20:46:54',0,1,'2016-02-04 12:05:28','b81d7f3a-aad3-4ce3-8ea0-90c25b639057');
INSERT INTO `program_workflow_state` (`program_workflow_state_id`,`program_workflow_id`,`concept_id`,`initial`,`terminal`,`creator`,`date_created`,`retired`,`changed_by`,`date_changed`,`uuid`) VALUES (570,28,6757,1,0,7,'2010-05-30 20:46:54',0,1,'2016-02-04 12:05:28','5f8c0ec1-de6b-4217-b1e7-c3a766301122');
INSERT INTO `program_workflow_state` (`program_workflow_state_id`,`program_workflow_id`,`concept_id`,`initial`,`terminal`,`creator`,`date_created`,`retired`,`changed_by`,`date_changed`,`uuid`) VALUES (571,28,1742,0,1,7,'2010-05-30 20:46:54',0,1,'2016-02-04 12:05:28','d0387d6c-6acc-42ee-8ca8-edf00e4b0c84');
INSERT INTO `program_workflow_state` (`program_workflow_state_id`,`program_workflow_id`,`concept_id`,`initial`,`terminal`,`creator`,`date_created`,`retired`,`changed_by`,`date_changed`,`uuid`) VALUES (572,28,5240,0,1,7,'2010-05-30 20:50:49',0,1,'2016-02-04 12:05:28','d5b4d9c6-35ce-4f9d-a307-86bfad89e08c');
INSERT INTO `program_workflow_state` (`program_workflow_state_id`,`program_workflow_id`,`concept_id`,`initial`,`terminal`,`creator`,`date_created`,`retired`,`changed_by`,`date_changed`,`uuid`) VALUES (573,28,1744,0,1,7,'2010-05-30 21:26:35',0,1,'2016-02-04 12:05:28','60703e05-aaae-4945-b0ad-9d6d87322314');
INSERT INTO `program_workflow_state` (`program_workflow_state_id`,`program_workflow_id`,`concept_id`,`initial`,`terminal`,`creator`,`date_created`,`retired`,`changed_by`,`date_changed`,`uuid`) VALUES (574,9,6450,1,0,1,'2010-07-19 14:00:54',0,1,'2014-07-02 17:51:05','c4e1d1c3-db4b-4f19-8ea4-80238ca2cf7c');
INSERT INTO `program_workflow_state` (`program_workflow_state_id`,`program_workflow_id`,`concept_id`,`initial`,`terminal`,`creator`,`date_created`,`retired`,`changed_by`,`date_changed`,`uuid`) VALUES (575,9,6452,1,0,1,'2010-07-19 14:00:54',0,1,'2014-07-02 17:51:06','4c89d1d3-46f1-46ac-ac44-bfdc6903ffc6');
INSERT INTO `program_workflow_state` (`program_workflow_state_id`,`program_workflow_id`,`concept_id`,`initial`,`terminal`,`creator`,`date_created`,`retired`,`changed_by`,`date_changed`,`uuid`) VALUES (576,32,6217,1,0,7,'2010-08-17 19:49:40',0,1,'2012-06-07 15:07:37','5b2d5476-5285-426c-8c2c-df76a2576acb');
INSERT INTO `program_workflow_state` (`program_workflow_state_id`,`program_workflow_id`,`concept_id`,`initial`,`terminal`,`creator`,`date_created`,`retired`,`changed_by`,`date_changed`,`uuid`) VALUES (577,32,1639,0,1,7,'2010-08-17 19:49:40',0,1,'2012-06-07 15:07:37','34d318b8-83bd-483c-9237-e312d73049fd');
INSERT INTO `program_workflow_state` (`program_workflow_state_id`,`program_workflow_id`,`concept_id`,`initial`,`terminal`,`creator`,`date_created`,`retired`,`changed_by`,`date_changed`,`uuid`) VALUES (578,32,5240,0,1,7,'2010-08-17 19:49:40',0,1,'2012-06-07 15:07:37','98b974cc-8123-4973-8e94-0a93c836c0e1');
INSERT INTO `program_workflow_state` (`program_workflow_state_id`,`program_workflow_id`,`concept_id`,`initial`,`terminal`,`creator`,`date_created`,`retired`,`changed_by`,`date_changed`,`uuid`) VALUES (579,32,1742,0,1,7,'2010-08-17 19:49:40',0,1,'2012-06-07 15:07:37','f425feed-e7c7-4495-92b1-aeeed9313d79');
INSERT INTO `program_workflow_state` (`program_workflow_state_id`,`program_workflow_id`,`concept_id`,`initial`,`terminal`,`creator`,`date_created`,`retired`,`changed_by`,`date_changed`,`uuid`) VALUES (580,32,1710,1,0,7,'2010-08-17 19:49:40',0,1,'2012-06-07 15:07:37','77cc962e-f94c-4365-89a8-0a3312c7f308');
INSERT INTO `program_workflow_state` (`program_workflow_state_id`,`program_workflow_id`,`concept_id`,`initial`,`terminal`,`creator`,`date_created`,`retired`,`changed_by`,`date_changed`,`uuid`) VALUES (581,33,6848,1,0,7,'2010-08-17 19:51:33',0,1,'2012-06-07 15:07:37','f82a0a52-169d-4600-a79c-8e2a2fed4e41');
INSERT INTO `program_workflow_state` (`program_workflow_state_id`,`program_workflow_id`,`concept_id`,`initial`,`terminal`,`creator`,`date_created`,`retired`,`changed_by`,`date_changed`,`uuid`) VALUES (582,33,6847,1,0,7,'2010-08-17 19:51:33',0,1,'2012-06-07 15:07:37','c2ba186f-2afc-415d-b31a-fb8133a77491');
INSERT INTO `program_workflow_state` (`program_workflow_state_id`,`program_workflow_id`,`concept_id`,`initial`,`terminal`,`creator`,`date_created`,`retired`,`changed_by`,`date_changed`,`uuid`) VALUES (583,31,6217,1,0,7,'2010-08-17 21:20:20',0,1,'2012-06-07 15:13:35','6a5b4811-3683-451b-a858-3c37e56db0c8');
INSERT INTO `program_workflow_state` (`program_workflow_state_id`,`program_workflow_id`,`concept_id`,`initial`,`terminal`,`creator`,`date_created`,`retired`,`changed_by`,`date_changed`,`uuid`) VALUES (584,31,1639,0,1,7,'2010-08-17 21:20:20',0,1,'2012-06-07 15:13:35','4090a941-27e5-4508-919f-8f9093488ba0');
INSERT INTO `program_workflow_state` (`program_workflow_state_id`,`program_workflow_id`,`concept_id`,`initial`,`terminal`,`creator`,`date_created`,`retired`,`changed_by`,`date_changed`,`uuid`) VALUES (585,31,5240,0,1,7,'2010-08-17 21:20:20',0,1,'2012-06-07 15:13:35','c6542fed-4020-4761-8a54-ad8a801279a6');
INSERT INTO `program_workflow_state` (`program_workflow_state_id`,`program_workflow_id`,`concept_id`,`initial`,`terminal`,`creator`,`date_created`,`retired`,`changed_by`,`date_changed`,`uuid`) VALUES (586,31,1710,1,0,7,'2010-08-17 21:20:20',0,1,'2012-06-07 15:13:35','51ce7cd2-1bb8-4f66-b98b-9aff3ea5146a');
INSERT INTO `program_workflow_state` (`program_workflow_state_id`,`program_workflow_id`,`concept_id`,`initial`,`terminal`,`creator`,`date_created`,`retired`,`changed_by`,`date_changed`,`uuid`) VALUES (587,31,1744,0,1,7,'2010-08-17 21:20:20',0,1,'2012-06-07 15:13:35','333afcb7-233a-40a8-87e9-41a10cc8f7b5');
INSERT INTO `program_workflow_state` (`program_workflow_state_id`,`program_workflow_id`,`concept_id`,`initial`,`terminal`,`creator`,`date_created`,`retired`,`changed_by`,`date_changed`,`uuid`) VALUES (588,31,1742,0,1,7,'2010-08-17 21:20:20',0,1,'2012-06-07 15:13:35','14b24d03-ab74-44db-b95b-4b3d0b286508');
INSERT INTO `program_workflow_state` (`program_workflow_state_id`,`program_workflow_id`,`concept_id`,`initial`,`terminal`,`creator`,`date_created`,`retired`,`changed_by`,`date_changed`,`uuid`) VALUES (589,29,6233,1,0,7,'2010-08-17 21:21:30',0,1,'2012-06-07 15:13:35','f7d3265e-98fc-4c6e-b882-aa83a3539660');
INSERT INTO `program_workflow_state` (`program_workflow_state_id`,`program_workflow_id`,`concept_id`,`initial`,`terminal`,`creator`,`date_created`,`retired`,`changed_by`,`date_changed`,`uuid`) VALUES (590,29,6234,1,0,7,'2010-08-17 21:21:30',0,1,'2012-06-07 15:13:35','ee64273d-d9f0-429a-9978-9e802eb19af3');
INSERT INTO `program_workflow_state` (`program_workflow_state_id`,`program_workflow_id`,`concept_id`,`initial`,`terminal`,`creator`,`date_created`,`retired`,`changed_by`,`date_changed`,`uuid`) VALUES (591,30,6754,1,0,7,'2010-08-17 21:22:33',0,1,'2012-06-07 15:13:35','d552bceb-0809-4903-a19f-ffb2fa6ea011');
INSERT INTO `program_workflow_state` (`program_workflow_state_id`,`program_workflow_id`,`concept_id`,`initial`,`terminal`,`creator`,`date_created`,`retired`,`changed_by`,`date_changed`,`uuid`) VALUES (592,30,6845,1,0,7,'2010-08-17 21:22:33',0,1,'2012-06-07 15:13:35','aa19e228-b012-4369-9a27-c5727af7eb9b');
INSERT INTO `program_workflow_state` (`program_workflow_state_id`,`program_workflow_id`,`concept_id`,`initial`,`terminal`,`creator`,`date_created`,`retired`,`changed_by`,`date_changed`,`uuid`) VALUES (593,34,6852,1,0,7,'2010-08-17 21:27:33',0,1,'2012-06-07 15:07:14','7d665c18-af58-461c-a824-8227666ef0d5');
INSERT INTO `program_workflow_state` (`program_workflow_state_id`,`program_workflow_id`,`concept_id`,`initial`,`terminal`,`creator`,`date_created`,`retired`,`changed_by`,`date_changed`,`uuid`) VALUES (594,34,6853,1,0,7,'2010-08-17 21:27:33',0,1,'2012-06-07 15:07:14','4fba566d-dc2f-41f9-b7da-d556f21b7763');
INSERT INTO `program_workflow_state` (`program_workflow_state_id`,`program_workflow_id`,`concept_id`,`initial`,`terminal`,`creator`,`date_created`,`retired`,`changed_by`,`date_changed`,`uuid`) VALUES (595,34,6854,1,0,7,'2010-08-17 21:27:33',0,1,'2012-06-07 15:07:14','1f9b482a-dd42-4a62-b9d4-6a116f7822ef');
INSERT INTO `program_workflow_state` (`program_workflow_state_id`,`program_workflow_id`,`concept_id`,`initial`,`terminal`,`creator`,`date_created`,`retired`,`changed_by`,`date_changed`,`uuid`) VALUES (596,34,6855,0,1,7,'2010-08-17 21:27:33',0,1,'2012-06-07 15:07:14','eea30b9e-89a6-41b2-9bbc-34ef113cf812');
INSERT INTO `program_workflow_state` (`program_workflow_state_id`,`program_workflow_id`,`concept_id`,`initial`,`terminal`,`creator`,`date_created`,`retired`,`changed_by`,`date_changed`,`uuid`) VALUES (597,34,5240,0,1,7,'2010-08-17 21:27:33',0,1,'2012-06-07 15:07:14','36a634a2-8b31-438e-b322-25e887423980');
INSERT INTO `program_workflow_state` (`program_workflow_state_id`,`program_workflow_id`,`concept_id`,`initial`,`terminal`,`creator`,`date_created`,`retired`,`changed_by`,`date_changed`,`uuid`) VALUES (598,34,1742,0,1,7,'2010-08-17 21:27:33',0,1,'2012-06-07 15:07:14','929692c0-2a82-4822-89bc-0b3b9c7eba87');
INSERT INTO `program_workflow_state` (`program_workflow_state_id`,`program_workflow_id`,`concept_id`,`initial`,`terminal`,`creator`,`date_created`,`retired`,`changed_by`,`date_changed`,`uuid`) VALUES (599,35,6856,1,0,7,'2010-08-17 21:28:48',0,1,'2012-06-07 15:07:14','c994cc90-c007-4a61-a1ee-989b51d913bf');
INSERT INTO `program_workflow_state` (`program_workflow_state_id`,`program_workflow_id`,`concept_id`,`initial`,`terminal`,`creator`,`date_created`,`retired`,`changed_by`,`date_changed`,`uuid`) VALUES (600,35,6857,1,0,7,'2010-08-17 21:28:48',0,1,'2012-06-07 15:07:14','e651b790-f7d2-42c4-9f4d-a612fc09efc7');
INSERT INTO `program_workflow_state` (`program_workflow_state_id`,`program_workflow_id`,`concept_id`,`initial`,`terminal`,`creator`,`date_created`,`retired`,`changed_by`,`date_changed`,`uuid`) VALUES (601,35,6858,1,0,7,'2010-08-17 21:28:48',0,1,'2012-06-07 15:07:14','8b49b80c-b1a6-40d3-a26a-09f3471292e4');
INSERT INTO `program_workflow_state` (`program_workflow_state_id`,`program_workflow_id`,`concept_id`,`initial`,`terminal`,`creator`,`date_created`,`retired`,`changed_by`,`date_changed`,`uuid`) VALUES (602,9,6453,1,0,1,'2010-10-27 16:52:37',0,1,'2014-07-02 17:51:06','3dfb912a-8a85-4bf7-b494-74e3dff714b9');
INSERT INTO `program_workflow_state` (`program_workflow_state_id`,`program_workflow_id`,`concept_id`,`initial`,`terminal`,`creator`,`date_created`,`retired`,`changed_by`,`date_changed`,`uuid`) VALUES (603,9,6454,1,0,1,'2010-10-27 16:52:37',0,1,'2014-07-02 17:51:06','787e3ab1-4629-4fa9-afd0-75773cff1a52');
INSERT INTO `program_workflow_state` (`program_workflow_state_id`,`program_workflow_id`,`concept_id`,`initial`,`terminal`,`creator`,`date_created`,`retired`,`changed_by`,`date_changed`,`uuid`) VALUES (604,9,6877,1,0,1,'2011-01-14 12:23:36',0,1,'2014-07-02 17:51:06','77cf4438-6701-45a1-b59b-6b92026bee1e');
INSERT INTO `program_workflow_state` (`program_workflow_state_id`,`program_workflow_id`,`concept_id`,`initial`,`terminal`,`creator`,`date_created`,`retired`,`changed_by`,`date_changed`,`uuid`) VALUES (605,9,6878,1,0,1,'2011-01-14 12:26:06',0,1,'2014-07-02 17:51:06','eef1bc3a-14e6-4681-9035-ec9c37e11e4c');
INSERT INTO `program_workflow_state` (`program_workflow_state_id`,`program_workflow_id`,`concept_id`,`initial`,`terminal`,`creator`,`date_created`,`retired`,`changed_by`,`date_changed`,`uuid`) VALUES (606,9,6879,1,0,1,'2011-01-14 12:26:06',0,1,'2014-07-02 17:51:06','b7a243df-6032-4b32-8463-09493c9bf476');
INSERT INTO `program_workflow_state` (`program_workflow_state_id`,`program_workflow_id`,`concept_id`,`initial`,`terminal`,`creator`,`date_created`,`retired`,`changed_by`,`date_changed`,`uuid`) VALUES (607,9,6880,1,0,1,'2011-01-14 12:26:06',0,1,'2014-07-02 17:51:06','ee98ee53-9899-4f68-99cf-f7ddfa12ffb5');
INSERT INTO `program_workflow_state` (`program_workflow_state_id`,`program_workflow_id`,`concept_id`,`initial`,`terminal`,`creator`,`date_created`,`retired`,`changed_by`,`date_changed`,`uuid`) VALUES (608,9,6881,1,0,1,'2011-01-14 12:26:06',0,1,'2014-07-02 17:51:06','629fd6d2-ed16-4ffe-aa53-b87dc0117054');
INSERT INTO `program_workflow_state` (`program_workflow_state_id`,`program_workflow_id`,`concept_id`,`initial`,`terminal`,`creator`,`date_created`,`retired`,`changed_by`,`date_changed`,`uuid`) VALUES (609,9,6882,1,0,1,'2011-01-14 12:26:06',0,1,'2014-07-02 17:51:06','ccd95c40-eb23-4c2e-b28b-b84861d4f5fd');
INSERT INTO `program_workflow_state` (`program_workflow_state_id`,`program_workflow_id`,`concept_id`,`initial`,`terminal`,`creator`,`date_created`,`retired`,`changed_by`,`date_changed`,`uuid`) VALUES (610,36,6976,1,0,7,'2011-02-01 01:08:32',1,1,'2013-09-19 10:58:08','13eeb94f-7539-424a-abdf-985b72a537f1');
INSERT INTO `program_workflow_state` (`program_workflow_state_id`,`program_workflow_id`,`concept_id`,`initial`,`terminal`,`creator`,`date_created`,`retired`,`changed_by`,`date_changed`,`uuid`) VALUES (611,36,6974,1,0,7,'2011-02-01 01:08:32',1,1,'2013-09-19 10:58:08','5a79c72b-48c1-46f7-ba71-9a33d5338b07');
INSERT INTO `program_workflow_state` (`program_workflow_state_id`,`program_workflow_id`,`concept_id`,`initial`,`terminal`,`creator`,`date_created`,`retired`,`changed_by`,`date_changed`,`uuid`) VALUES (612,36,6977,1,0,7,'2011-02-01 01:08:32',1,1,'2013-09-19 10:58:08','eabd8c13-dee7-4202-b6b6-b3a60c59571e');
INSERT INTO `program_workflow_state` (`program_workflow_state_id`,`program_workflow_id`,`concept_id`,`initial`,`terminal`,`creator`,`date_created`,`retired`,`changed_by`,`date_changed`,`uuid`) VALUES (613,36,6975,1,0,7,'2011-02-01 01:08:32',1,1,'2013-09-19 10:58:08','99506bd2-9bf1-46f7-a617-16da11c948f4');
INSERT INTO `program_workflow_state` (`program_workflow_state_id`,`program_workflow_id`,`concept_id`,`initial`,`terminal`,`creator`,`date_created`,`retired`,`changed_by`,`date_changed`,`uuid`) VALUES (614,36,6980,1,0,7,'2011-02-01 01:08:32',1,1,'2013-09-19 10:58:08','8d760058-6f6b-4ecf-9725-e222386d50b7');
INSERT INTO `program_workflow_state` (`program_workflow_state_id`,`program_workflow_id`,`concept_id`,`initial`,`terminal`,`creator`,`date_created`,`retired`,`changed_by`,`date_changed`,`uuid`) VALUES (615,26,6981,1,0,1,'2011-03-01 16:55:41',0,1,'2012-06-07 15:14:53','e488571b-59bc-47d1-84ee-f316f8a5e89d');
INSERT INTO `program_workflow_state` (`program_workflow_state_id`,`program_workflow_id`,`concept_id`,`initial`,`terminal`,`creator`,`date_created`,`retired`,`changed_by`,`date_changed`,`uuid`) VALUES (616,37,6974,1,0,1,'2011-02-03 21:33:18',0,1,'2013-09-19 10:58:08','a8a48eb4-5f7a-4dc0-98f3-b941d5c68beb');
INSERT INTO `program_workflow_state` (`program_workflow_state_id`,`program_workflow_id`,`concept_id`,`initial`,`terminal`,`creator`,`date_created`,`retired`,`changed_by`,`date_changed`,`uuid`) VALUES (617,37,6976,1,0,1,'2011-02-03 21:33:18',0,1,'2013-09-19 10:58:08','1f2a085b-822e-415f-8f7a-9838487ffdf3');
INSERT INTO `program_workflow_state` (`program_workflow_state_id`,`program_workflow_id`,`concept_id`,`initial`,`terminal`,`creator`,`date_created`,`retired`,`changed_by`,`date_changed`,`uuid`) VALUES (618,37,6980,1,0,1,'2011-02-03 21:33:18',0,1,'2013-09-19 10:58:08','4a65f420-0429-4180-a207-1c6c496ecf15');
INSERT INTO `program_workflow_state` (`program_workflow_state_id`,`program_workflow_id`,`concept_id`,`initial`,`terminal`,`creator`,`date_created`,`retired`,`changed_by`,`date_changed`,`uuid`) VALUES (619,37,7001,1,0,1,'2011-07-28 10:39:20',0,1,'2013-09-19 10:58:08','60426830-7fcb-43f2-946e-9a37a09e502e');
INSERT INTO `program_workflow_state` (`program_workflow_state_id`,`program_workflow_id`,`concept_id`,`initial`,`terminal`,`creator`,`date_created`,`retired`,`changed_by`,`date_changed`,`uuid`) VALUES (620,37,6975,1,0,1,'2011-02-03 21:33:18',0,1,'2013-09-19 10:58:08','32dd4638-83ed-4cf0-b0a8-714c5d63e4d7');
INSERT INTO `program_workflow_state` (`program_workflow_state_id`,`program_workflow_id`,`concept_id`,`initial`,`terminal`,`creator`,`date_created`,`retired`,`changed_by`,`date_changed`,`uuid`) VALUES (621,37,6977,1,0,1,'2011-02-03 21:33:18',0,1,'2013-09-19 10:58:08','88b69d64-920c-49fd-b1cc-19e79d6e8437');
INSERT INTO `program_workflow_state` (`program_workflow_state_id`,`program_workflow_id`,`concept_id`,`initial`,`terminal`,`creator`,`date_created`,`retired`,`changed_by`,`date_changed`,`uuid`) VALUES (622,20,7006,1,0,1,'2011-08-19 15:06:11',0,1,'2012-06-07 15:14:53','5f759956-02d2-4cc8-946d-e0443dbc3dc0');
INSERT INTO `program_workflow_state` (`program_workflow_state_id`,`program_workflow_id`,`concept_id`,`initial`,`terminal`,`creator`,`date_created`,`retired`,`changed_by`,`date_changed`,`uuid`) VALUES (623,20,6659,1,0,1,'2011-10-12 19:53:22',0,1,'2012-06-07 15:14:53','daef6753-d12b-4ca8-93fe-baa8e674bfc5');
INSERT INTO `program_workflow_state` (`program_workflow_state_id`,`program_workflow_id`,`concept_id`,`initial`,`terminal`,`creator`,`date_created`,`retired`,`changed_by`,`date_changed`,`uuid`) VALUES (624,20,6660,1,0,1,'2011-10-12 19:53:22',0,1,'2012-06-07 15:14:53','2b8a1e26-80cb-404f-97bf-c244839cc214');
INSERT INTO `program_workflow_state` (`program_workflow_state_id`,`program_workflow_id`,`concept_id`,`initial`,`terminal`,`creator`,`date_created`,`retired`,`changed_by`,`date_changed`,`uuid`) VALUES (625,20,6661,1,0,1,'2011-10-12 19:53:22',0,1,'2012-06-07 15:14:53','4f4caec4-b2d4-4c2a-a028-a13663c9a7a1');
INSERT INTO `program_workflow_state` (`program_workflow_state_id`,`program_workflow_id`,`concept_id`,`initial`,`terminal`,`creator`,`date_created`,`retired`,`changed_by`,`date_changed`,`uuid`) VALUES (626,20,6662,1,0,1,'2011-10-12 19:53:22',0,1,'2012-06-07 15:14:53','9a435a11-7847-438b-b61c-d93cecd937ed');
INSERT INTO `program_workflow_state` (`program_workflow_state_id`,`program_workflow_id`,`concept_id`,`initial`,`terminal`,`creator`,`date_created`,`retired`,`changed_by`,`date_changed`,`uuid`) VALUES (627,20,6981,1,0,1,'2011-10-12 19:53:22',0,1,'2012-06-07 15:14:53','ce4208f6-76d2-4d68-83c4-1866b9f056da');
INSERT INTO `program_workflow_state` (`program_workflow_state_id`,`program_workflow_id`,`concept_id`,`initial`,`terminal`,`creator`,`date_created`,`retired`,`changed_by`,`date_changed`,`uuid`) VALUES (628,9,7034,1,0,1,'2011-10-26 11:57:50',0,1,'2014-07-02 17:51:06','e49f5bb3-0a00-4db5-a28d-ed1861d2d396');
INSERT INTO `program_workflow_state` (`program_workflow_state_id`,`program_workflow_id`,`concept_id`,`initial`,`terminal`,`creator`,`date_created`,`retired`,`changed_by`,`date_changed`,`uuid`) VALUES (629,9,7035,1,0,1,'2011-10-26 12:04:35',0,1,'2014-07-02 17:51:06','9f6a9325-0fbe-411d-b8ee-7897759a82bc');
INSERT INTO `program_workflow_state` (`program_workflow_state_id`,`program_workflow_id`,`concept_id`,`initial`,`terminal`,`creator`,`date_created`,`retired`,`changed_by`,`date_changed`,`uuid`) VALUES (630,9,7036,1,0,1,'2011-10-26 12:06:09',0,1,'2014-07-02 17:51:06','0dbe5992-e8eb-4f4c-8e43-df1fd1c00374');
INSERT INTO `program_workflow_state` (`program_workflow_state_id`,`program_workflow_id`,`concept_id`,`initial`,`terminal`,`creator`,`date_created`,`retired`,`changed_by`,`date_changed`,`uuid`) VALUES (631,9,7037,1,0,1,'2011-10-26 12:07:54',0,1,'2014-07-02 17:51:06','2cd3da68-3312-4979-9ab7-c151173d68a3');
INSERT INTO `program_workflow_state` (`program_workflow_state_id`,`program_workflow_id`,`concept_id`,`initial`,`terminal`,`creator`,`date_created`,`retired`,`changed_by`,`date_changed`,`uuid`) VALUES (632,9,7038,1,0,1,'2011-10-26 12:09:07',0,1,'2014-07-02 17:51:06','d85cd72b-c701-4d4e-ae11-38de8dd38a3a');
INSERT INTO `program_workflow_state` (`program_workflow_state_id`,`program_workflow_id`,`concept_id`,`initial`,`terminal`,`creator`,`date_created`,`retired`,`changed_by`,`date_changed`,`uuid`) VALUES (633,9,7039,1,0,1,'2011-10-26 12:10:17',0,1,'2014-07-02 17:51:06','91cfa8c0-0548-409c-9982-6bec2ba07cab');
INSERT INTO `program_workflow_state` (`program_workflow_state_id`,`program_workflow_id`,`concept_id`,`initial`,`terminal`,`creator`,`date_created`,`retired`,`changed_by`,`date_changed`,`uuid`) VALUES (634,20,7084,1,0,1,'2012-03-16 16:04:37',0,1,'2012-06-07 15:14:53','45497287-7045-41a8-ab5e-3fcf8c49ef99');
INSERT INTO `program_workflow_state` (`program_workflow_state_id`,`program_workflow_id`,`concept_id`,`initial`,`terminal`,`creator`,`date_created`,`retired`,`changed_by`,`date_changed`,`uuid`) VALUES (635,38,1970,1,0,1,'2012-05-03 09:57:36',0,1,'2012-06-07 14:56:48','674f66f1-ece5-4741-8704-b8291a66dbd3');
INSERT INTO `program_workflow_state` (`program_workflow_state_id`,`program_workflow_id`,`concept_id`,`initial`,`terminal`,`creator`,`date_created`,`retired`,`changed_by`,`date_changed`,`uuid`) VALUES (636,38,1986,1,0,1,'2012-05-03 09:57:36',0,1,'2012-06-07 14:56:48','264f4470-8b1d-481d-8740-32232320c5e6');
INSERT INTO `program_workflow_state` (`program_workflow_state_id`,`program_workflow_id`,`concept_id`,`initial`,`terminal`,`creator`,`date_created`,`retired`,`changed_by`,`date_changed`,`uuid`) VALUES (637,38,1985,1,0,1,'2012-05-03 09:57:36',0,1,'2012-06-07 14:56:48','6475369d-e433-4c93-9f13-765bcae49001');
INSERT INTO `program_workflow_state` (`program_workflow_state_id`,`program_workflow_id`,`concept_id`,`initial`,`terminal`,`creator`,`date_created`,`retired`,`changed_by`,`date_changed`,`uuid`) VALUES (638,38,1972,1,0,1,'2012-05-03 09:57:36',0,1,'2012-06-07 14:56:48','2b4f3939-02f7-405c-99a5-3a9d3f4dc366');
INSERT INTO `program_workflow_state` (`program_workflow_state_id`,`program_workflow_id`,`concept_id`,`initial`,`terminal`,`creator`,`date_created`,`retired`,`changed_by`,`date_changed`,`uuid`) VALUES (639,38,1973,1,0,1,'2012-05-03 09:57:36',0,1,'2012-06-07 14:56:48','eaf539ad-e6eb-42c2-8643-7cd6a3cd6201');
INSERT INTO `program_workflow_state` (`program_workflow_state_id`,`program_workflow_id`,`concept_id`,`initial`,`terminal`,`creator`,`date_created`,`retired`,`changed_by`,`date_changed`,`uuid`) VALUES (640,39,1970,1,0,1,'2012-05-03 09:58:34',0,1,'2013-09-19 10:58:08','974a1e84-0b4c-4128-bb8d-02d1fd835328');
INSERT INTO `program_workflow_state` (`program_workflow_state_id`,`program_workflow_id`,`concept_id`,`initial`,`terminal`,`creator`,`date_created`,`retired`,`changed_by`,`date_changed`,`uuid`) VALUES (641,39,1986,1,0,1,'2012-05-03 09:58:52',0,1,'2013-09-19 10:58:08','831c7e80-07d2-4118-97e5-1e393f4b9c9c');
INSERT INTO `program_workflow_state` (`program_workflow_state_id`,`program_workflow_id`,`concept_id`,`initial`,`terminal`,`creator`,`date_created`,`retired`,`changed_by`,`date_changed`,`uuid`) VALUES (642,39,1985,1,0,1,'2012-05-03 09:58:52',0,1,'2013-09-19 10:58:08','c6532cb9-fe9f-4315-96d5-b22fecfeef74');
INSERT INTO `program_workflow_state` (`program_workflow_state_id`,`program_workflow_id`,`concept_id`,`initial`,`terminal`,`creator`,`date_created`,`retired`,`changed_by`,`date_changed`,`uuid`) VALUES (643,39,1972,1,0,1,'2012-05-03 09:58:52',0,1,'2013-09-19 10:58:08','0df65c46-d0f0-4f1e-a985-ee97542ac608');
INSERT INTO `program_workflow_state` (`program_workflow_state_id`,`program_workflow_id`,`concept_id`,`initial`,`terminal`,`creator`,`date_created`,`retired`,`changed_by`,`date_changed`,`uuid`) VALUES (644,39,1973,1,0,1,'2012-05-03 09:58:52',0,1,'2013-09-19 10:58:08','499fac79-568e-4470-97ad-56abe4361715');
INSERT INTO `program_workflow_state` (`program_workflow_state_id`,`program_workflow_id`,`concept_id`,`initial`,`terminal`,`creator`,`date_created`,`retired`,`changed_by`,`date_changed`,`uuid`) VALUES (645,40,1970,1,0,1,'2012-05-03 10:20:35',0,1,'2012-06-07 15:15:03','9778087e-4124-4079-a4dc-a667e1d65145');
INSERT INTO `program_workflow_state` (`program_workflow_state_id`,`program_workflow_id`,`concept_id`,`initial`,`terminal`,`creator`,`date_created`,`retired`,`changed_by`,`date_changed`,`uuid`) VALUES (646,40,1986,1,0,1,'2012-05-03 10:20:35',0,1,'2012-06-07 15:15:03','519f3261-4388-402b-9232-d7aa0af26f7c');
INSERT INTO `program_workflow_state` (`program_workflow_state_id`,`program_workflow_id`,`concept_id`,`initial`,`terminal`,`creator`,`date_created`,`retired`,`changed_by`,`date_changed`,`uuid`) VALUES (647,40,1985,1,0,1,'2012-05-03 10:20:35',0,1,'2012-06-07 15:15:03','dae62962-5204-41f9-a54f-3f86d6c160db');
INSERT INTO `program_workflow_state` (`program_workflow_state_id`,`program_workflow_id`,`concept_id`,`initial`,`terminal`,`creator`,`date_created`,`retired`,`changed_by`,`date_changed`,`uuid`) VALUES (648,40,1972,1,0,1,'2012-05-03 10:20:35',0,1,'2012-06-07 15:15:03','11f30c10-6641-4b27-b97e-f5605601c042');
INSERT INTO `program_workflow_state` (`program_workflow_state_id`,`program_workflow_id`,`concept_id`,`initial`,`terminal`,`creator`,`date_created`,`retired`,`changed_by`,`date_changed`,`uuid`) VALUES (674,47,7109,1,0,1,'2012-09-28 09:46:08',0,1,'2014-01-23 11:00:33','d9a71d5e-cad4-432b-ab00-6a1edc7a226d');
INSERT INTO `program_workflow_state` (`program_workflow_state_id`,`program_workflow_id`,`concept_id`,`initial`,`terminal`,`creator`,`date_created`,`retired`,`changed_by`,`date_changed`,`uuid`) VALUES (675,47,7110,1,0,1,'2012-09-28 09:46:08',0,1,'2014-01-23 11:00:33','16387e03-5410-45e1-9f98-9e82ba245605');
INSERT INTO `program_workflow_state` (`program_workflow_state_id`,`program_workflow_id`,`concept_id`,`initial`,`terminal`,`creator`,`date_created`,`retired`,`changed_by`,`date_changed`,`uuid`) VALUES (676,47,7437,1,0,1,'2012-09-28 11:11:27',0,1,'2014-01-23 11:00:33','d7025030-5b45-469d-8e08-45527d55d626');
INSERT INTO `program_workflow_state` (`program_workflow_state_id`,`program_workflow_id`,`concept_id`,`initial`,`terminal`,`creator`,`date_created`,`retired`,`changed_by`,`date_changed`,`uuid`) VALUES (677,48,7127,1,0,1,'2012-09-28 09:45:06',0,1,'2014-01-23 11:00:33','353e32de-4b62-4e09-9a4d-829942483db0');
INSERT INTO `program_workflow_state` (`program_workflow_state_id`,`program_workflow_id`,`concept_id`,`initial`,`terminal`,`creator`,`date_created`,`retired`,`changed_by`,`date_changed`,`uuid`) VALUES (678,48,7125,1,0,1,'2012-09-28 09:45:06',0,1,'2014-01-23 11:00:33','cb777216-77f6-478a-9353-12ed7e85a929');
INSERT INTO `program_workflow_state` (`program_workflow_state_id`,`program_workflow_id`,`concept_id`,`initial`,`terminal`,`creator`,`date_created`,`retired`,`changed_by`,`date_changed`,`uuid`) VALUES (679,48,7126,1,0,1,'2012-09-28 09:45:06',0,1,'2014-01-23 11:00:33','eb4eeb73-996d-47c9-928e-f0569999eefa');
INSERT INTO `program_workflow_state` (`program_workflow_state_id`,`program_workflow_id`,`concept_id`,`initial`,`terminal`,`creator`,`date_created`,`retired`,`changed_by`,`date_changed`,`uuid`) VALUES (680,49,7112,1,0,1,'2012-09-28 10:00:07',0,1,'2014-01-23 11:00:33','98091177-b242-40ae-9a78-120e5cdadac0');
INSERT INTO `program_workflow_state` (`program_workflow_state_id`,`program_workflow_id`,`concept_id`,`initial`,`terminal`,`creator`,`date_created`,`retired`,`changed_by`,`date_changed`,`uuid`) VALUES (681,49,6234,1,0,1,'2012-09-28 10:00:07',0,1,'2014-01-23 11:00:33','09426655-2909-4f6f-938b-7a31b991075e');
INSERT INTO `program_workflow_state` (`program_workflow_state_id`,`program_workflow_id`,`concept_id`,`initial`,`terminal`,`creator`,`date_created`,`retired`,`changed_by`,`date_changed`,`uuid`) VALUES (682,50,7114,1,0,1,'2012-09-28 10:06:59',0,1,'2014-01-23 11:00:33','bf5472d6-8e30-4a26-9c23-3d1adc79ee48');
INSERT INTO `program_workflow_state` (`program_workflow_state_id`,`program_workflow_id`,`concept_id`,`initial`,`terminal`,`creator`,`date_created`,`retired`,`changed_by`,`date_changed`,`uuid`) VALUES (683,50,7109,1,0,1,'2012-09-28 10:06:59',0,1,'2014-01-23 11:00:33','73521919-ea8b-43e9-ad44-20fbdad33a75');
INSERT INTO `program_workflow_state` (`program_workflow_state_id`,`program_workflow_id`,`concept_id`,`initial`,`terminal`,`creator`,`date_created`,`retired`,`changed_by`,`date_changed`,`uuid`) VALUES (684,50,7110,1,0,1,'2012-09-28 10:06:59',0,1,'2014-01-23 11:00:33','3f13abb5-0a00-4fac-b89b-4d0679c3b6e1');
INSERT INTO `program_workflow_state` (`program_workflow_state_id`,`program_workflow_id`,`concept_id`,`initial`,`terminal`,`creator`,`date_created`,`retired`,`changed_by`,`date_changed`,`uuid`) VALUES (685,50,7437,1,0,1,'2012-09-28 10:06:59',0,1,'2014-01-23 11:00:33','4953c8a6-6845-4557-9a69-a2090e7735ba');
INSERT INTO `program_workflow_state` (`program_workflow_state_id`,`program_workflow_id`,`concept_id`,`initial`,`terminal`,`creator`,`date_created`,`retired`,`changed_by`,`date_changed`,`uuid`) VALUES (686,51,7117,1,0,1,'2012-09-25 11:13:01',0,1,'2014-01-23 11:00:33','c733a3d0-c89b-4d88-9d89-b590e9175297');
INSERT INTO `program_workflow_state` (`program_workflow_state_id`,`program_workflow_id`,`concept_id`,`initial`,`terminal`,`creator`,`date_created`,`retired`,`changed_by`,`date_changed`,`uuid`) VALUES (687,51,7438,1,0,1,'2012-09-25 11:13:01',0,1,'2014-01-23 11:00:33','1bdce46f-62d3-4eb1-acfa-644cfd99993a');
INSERT INTO `program_workflow_state` (`program_workflow_state_id`,`program_workflow_id`,`concept_id`,`initial`,`terminal`,`creator`,`date_created`,`retired`,`changed_by`,`date_changed`,`uuid`) VALUES (688,51,7439,1,0,1,'2012-09-25 11:13:01',0,1,'2014-01-23 11:00:33','70d5c89b-657d-4e46-a7e6-62cf2c04a873');
INSERT INTO `program_workflow_state` (`program_workflow_state_id`,`program_workflow_id`,`concept_id`,`initial`,`terminal`,`creator`,`date_created`,`retired`,`changed_by`,`date_changed`,`uuid`) VALUES (689,51,7440,1,0,1,'2012-09-25 11:13:01',0,1,'2014-01-23 11:00:33','8c3f2a38-eb43-4b13-87c2-4a85d66cafb1');
INSERT INTO `program_workflow_state` (`program_workflow_state_id`,`program_workflow_id`,`concept_id`,`initial`,`terminal`,`creator`,`date_created`,`retired`,`changed_by`,`date_changed`,`uuid`) VALUES (690,51,7441,1,0,1,'2012-09-25 11:13:01',0,1,'2014-01-23 11:00:33','890a3c62-ec89-41a0-8ffb-ca551dc36b18');
INSERT INTO `program_workflow_state` (`program_workflow_state_id`,`program_workflow_id`,`concept_id`,`initial`,`terminal`,`creator`,`date_created`,`retired`,`changed_by`,`date_changed`,`uuid`) VALUES (691,51,7442,1,0,1,'2012-09-25 11:13:01',0,1,'2014-01-23 11:00:33','441c3084-33d1-49a5-abd6-9e8b19ddf049');
INSERT INTO `program_workflow_state` (`program_workflow_state_id`,`program_workflow_id`,`concept_id`,`initial`,`terminal`,`creator`,`date_created`,`retired`,`changed_by`,`date_changed`,`uuid`) VALUES (692,51,7121,1,0,1,'2012-09-25 11:13:01',0,1,'2014-01-23 11:00:33','34e298a3-8ca4-470e-8e4f-f422af9feef9');
INSERT INTO `program_workflow_state` (`program_workflow_state_id`,`program_workflow_id`,`concept_id`,`initial`,`terminal`,`creator`,`date_created`,`retired`,`changed_by`,`date_changed`,`uuid`) VALUES (693,51,7123,1,0,1,'2012-09-25 11:13:01',0,1,'2014-01-23 11:00:33','d84e31f8-ebe2-4f31-8655-b29dfe671be4');
INSERT INTO `program_workflow_state` (`program_workflow_state_id`,`program_workflow_id`,`concept_id`,`initial`,`terminal`,`creator`,`date_created`,`retired`,`changed_by`,`date_changed`,`uuid`) VALUES (694,51,7443,1,0,1,'2012-09-25 11:13:01',0,1,'2014-01-23 11:00:33','f4eb9f32-ddad-44a2-b8da-309bfd0549e4');
INSERT INTO `program_workflow_state` (`program_workflow_state_id`,`program_workflow_id`,`concept_id`,`initial`,`terminal`,`creator`,`date_created`,`retired`,`changed_by`,`date_changed`,`uuid`) VALUES (695,51,7116,1,0,1,'2012-09-25 11:13:01',0,1,'2014-01-23 11:00:33','b2a69a8a-599f-405f-b11e-5b9f50267921');
INSERT INTO `program_workflow_state` (`program_workflow_state_id`,`program_workflow_id`,`concept_id`,`initial`,`terminal`,`creator`,`date_created`,`retired`,`changed_by`,`date_changed`,`uuid`) VALUES (696,51,7444,1,0,1,'2012-09-25 11:13:01',0,1,'2014-01-23 11:00:33','9b9af079-2ad0-4860-9844-48d020912dc2');
INSERT INTO `program_workflow_state` (`program_workflow_state_id`,`program_workflow_id`,`concept_id`,`initial`,`terminal`,`creator`,`date_created`,`retired`,`changed_by`,`date_changed`,`uuid`) VALUES (697,51,7445,1,0,1,'2012-09-25 11:13:01',0,1,'2014-01-23 11:00:33','9c9fdd7c-1903-4f90-90f1-50d0c794fe6a');
INSERT INTO `program_workflow_state` (`program_workflow_state_id`,`program_workflow_id`,`concept_id`,`initial`,`terminal`,`creator`,`date_created`,`retired`,`changed_by`,`date_changed`,`uuid`) VALUES (698,51,7446,1,0,1,'2012-09-25 11:13:01',0,1,'2014-01-23 11:00:33','3609c073-1b51-438d-849b-35d23f042484');
INSERT INTO `program_workflow_state` (`program_workflow_state_id`,`program_workflow_id`,`concept_id`,`initial`,`terminal`,`creator`,`date_created`,`retired`,`changed_by`,`date_changed`,`uuid`) VALUES (699,51,7115,1,0,1,'2012-09-25 11:13:01',0,1,'2014-01-23 11:00:33','ca083335-c209-4d50-8a40-26bd5ef3545e');
INSERT INTO `program_workflow_state` (`program_workflow_state_id`,`program_workflow_id`,`concept_id`,`initial`,`terminal`,`creator`,`date_created`,`retired`,`changed_by`,`date_changed`,`uuid`) VALUES (700,51,7120,1,0,1,'2012-09-25 11:13:01',0,1,'2014-01-23 11:00:33','9fb6150d-cd19-43fc-8da9-e6599fac9709');
INSERT INTO `program_workflow_state` (`program_workflow_state_id`,`program_workflow_id`,`concept_id`,`initial`,`terminal`,`creator`,`date_created`,`retired`,`changed_by`,`date_changed`,`uuid`) VALUES (701,51,7447,1,0,1,'2012-09-25 11:13:01',0,1,'2014-01-23 11:00:33','85f296a1-f196-4405-9dc6-1c36107e6df2');
INSERT INTO `program_workflow_state` (`program_workflow_state_id`,`program_workflow_id`,`concept_id`,`initial`,`terminal`,`creator`,`date_created`,`retired`,`changed_by`,`date_changed`,`uuid`) VALUES (702,51,7450,1,0,1,'2012-09-25 11:13:01',0,1,'2014-01-23 11:00:33','b4cdfb5f-275b-4a76-893b-761ae302976d');
INSERT INTO `program_workflow_state` (`program_workflow_state_id`,`program_workflow_id`,`concept_id`,`initial`,`terminal`,`creator`,`date_created`,`retired`,`changed_by`,`date_changed`,`uuid`) VALUES (703,51,7451,1,0,1,'2012-09-25 11:13:01',0,1,'2014-01-23 11:00:33','4cef0cce-67b9-4cf5-860e-503ade7ff37a');
INSERT INTO `program_workflow_state` (`program_workflow_state_id`,`program_workflow_id`,`concept_id`,`initial`,`terminal`,`creator`,`date_created`,`retired`,`changed_by`,`date_changed`,`uuid`) VALUES (704,51,7452,1,0,1,'2012-09-25 11:13:01',0,1,'2014-01-23 11:00:33','cb041132-1c31-4580-aff3-3564e18b985b');
INSERT INTO `program_workflow_state` (`program_workflow_state_id`,`program_workflow_id`,`concept_id`,`initial`,`terminal`,`creator`,`date_created`,`retired`,`changed_by`,`date_changed`,`uuid`) VALUES (705,52,7437,1,0,1,'2012-09-28 10:05:56',0,1,'2014-01-23 11:00:33','eca5fb25-8b12-41d1-a3ba-8ef11c9e2885');
INSERT INTO `program_workflow_state` (`program_workflow_state_id`,`program_workflow_id`,`concept_id`,`initial`,`terminal`,`creator`,`date_created`,`retired`,`changed_by`,`date_changed`,`uuid`) VALUES (706,52,7109,1,0,1,'2012-09-28 10:05:56',0,1,'2014-01-23 11:00:33','37848fcc-ecc3-460d-9c69-4fd3c9f3f767');
INSERT INTO `program_workflow_state` (`program_workflow_state_id`,`program_workflow_id`,`concept_id`,`initial`,`terminal`,`creator`,`date_created`,`retired`,`changed_by`,`date_changed`,`uuid`) VALUES (707,52,7110,1,0,1,'2012-09-28 10:05:56',0,1,'2014-01-23 11:00:33','3543071e-e416-4fe2-89e9-6d55506c6c72');
INSERT INTO `program_workflow_state` (`program_workflow_state_id`,`program_workflow_id`,`concept_id`,`initial`,`terminal`,`creator`,`date_created`,`retired`,`changed_by`,`date_changed`,`uuid`) VALUES (708,53,1577,1,0,1,'2013-01-09 15:58:43',0,NULL,'2013-01-09 15:58:50','b1e89b94-d5d2-433c-8c14-2cfcf57544f1');
INSERT INTO `program_workflow_state` (`program_workflow_state_id`,`program_workflow_id`,`concept_id`,`initial`,`terminal`,`creator`,`date_created`,`retired`,`changed_by`,`date_changed`,`uuid`) VALUES (709,53,1490,1,0,1,'2013-01-09 15:58:26',0,NULL,'2013-01-09 15:58:50','3313373f-69a7-468c-ba0d-5361315c528f');
INSERT INTO `program_workflow_state` (`program_workflow_state_id`,`program_workflow_id`,`concept_id`,`initial`,`terminal`,`creator`,`date_created`,`retired`,`changed_by`,`date_changed`,`uuid`) VALUES (710,39,1959,1,0,1,'2013-09-19 10:58:08',0,NULL,NULL,'0363c6db-d674-4d87-96cf-50bead301392');
INSERT INTO `program_workflow_state` (`program_workflow_state_id`,`program_workflow_id`,`concept_id`,`initial`,`terminal`,`creator`,`date_created`,`retired`,`changed_by`,`date_changed`,`uuid`) VALUES (711,39,1958,1,0,1,'2013-09-19 10:58:08',0,NULL,NULL,'a57798fe-0010-4d0a-bf96-f7a8cb09bd2a');
INSERT INTO `program_workflow_state` (`program_workflow_state_id`,`program_workflow_id`,`concept_id`,`initial`,`terminal`,`creator`,`date_created`,`retired`,`changed_by`,`date_changed`,`uuid`) VALUES (712,39,1964,1,0,1,'2013-09-19 10:58:08',0,NULL,NULL,'51d02046-e43b-4e13-aa3d-cf294d2808dc');
INSERT INTO `program_workflow_state` (`program_workflow_state_id`,`program_workflow_id`,`concept_id`,`initial`,`terminal`,`creator`,`date_created`,`retired`,`changed_by`,`date_changed`,`uuid`) VALUES (713,51,8012,1,0,1,'2013-11-25 16:58:32',0,NULL,'2013-12-09 10:25:11','651f49b1-cead-434c-841b-2a4e2533ed3d');
INSERT INTO `program_workflow_state` (`program_workflow_state_id`,`program_workflow_id`,`concept_id`,`initial`,`terminal`,`creator`,`date_created`,`retired`,`changed_by`,`date_changed`,`uuid`) VALUES (714,51,8009,1,0,1,'2013-11-25 16:41:11',0,NULL,'2013-12-09 10:25:11','0ec01a69-95d9-4319-8458-c71106893035');
INSERT INTO `program_workflow_state` (`program_workflow_state_id`,`program_workflow_id`,`concept_id`,`initial`,`terminal`,`creator`,`date_created`,`retired`,`changed_by`,`date_changed`,`uuid`) VALUES (715,54,3389,1,0,1,'2016-02-04 10:34:52',0,1,'2016-02-04 10:49:00','45292b5e-8f6b-44ae-88c3-8bb4ec709060');
INSERT INTO `program_workflow_state` (`program_workflow_state_id`,`program_workflow_id`,`concept_id`,`initial`,`terminal`,`creator`,`date_created`,`retired`,`changed_by`,`date_changed`,`uuid`) VALUES (716,3,1577,1,0,1,'2016-02-04 12:33:55',0,1,'2016-02-04 10:49:06','45292b5e-8f6b-44ae-88c3-8bb4ec709061');
INSERT INTO `program_workflow_state` (`program_workflow_state_id`,`program_workflow_id`,`concept_id`,`initial`,`terminal`,`creator`,`date_created`,`retired`,`changed_by`,`date_changed`,`uuid`) VALUES (717,3,1490,1,0,1,'2016-02-04 12:33:55',0,1,'2016-02-04 10:49:06','45292b5e-8f6b-44ae-88c3-8bb4ec709062');

